update,datetime,termination_status,primal_status,solve_time_s,local_soc_min_slack_sum_kwh,local_soc_min_slack_max_kwh,local_soc_max_slack_sum_kwh,local_soc_max_slack_max_kwh,forecast_method,moving_average_window_steps,realized_load_kw,forecast_first_load_kw,forecast_mean_load_kw,tail_padded_steps
1,2026-01-26 01:00,OPTIMAL,FEASIBLE_POINT,0.070153,0.000000,0.000000,0.000000,0.000000,moving_average,4,22.920000,22.920000,22.920000,0
2,2026-01-26 01:15,OPTIMAL,FEASIBLE_POINT,0.072277,0.000000,0.000000,0.000000,0.000000,moving_average,4,24.340000,24.340000,23.674375,0
3,2026-01-26 01:30,OPTIMAL,FEASIBLE_POINT,0.068506,0.000000,0.000000,0.000000,0.000000,moving_average,4,24.400000,24.400000,23.918750,0
4,2026-01-26 01:45,OPTIMAL,FEASIBLE_POINT,0.072392,0.000000,0.000000,0.000000,0.000000,moving_average,4,24.710000,24.710000,24.131094,0
5,2026-01-26 02:00,OPTIMAL,FEASIBLE_POINT,0.065239,0.000000,0.000000,0.000000,0.000000,moving_average,4,25.230000,25.230000,24.705000,0
6,2026-01-26 02:15,OPTIMAL,FEASIBLE_POINT,0.070052,0.000000,0.000000,0.000000,0.000000,moving_average,4,25.580000,25.580000,25.017500,0
7,2026-01-26 02:30,OPTIMAL,FEASIBLE_POINT,0.075684,0.000000,0.000000,0.000000,0.000000,moving_average,4,26.620000,26.620000,25.602813,0
8,2026-01-26 02:45,OPTIMAL,FEASIBLE_POINT,0.039688,0.000000,0.000000,0.000000,0.000000,moving_average,4,23.610000,23.610000,25.156875,0
9,2026-01-26 03:00,OPTIMAL,FEASIBLE_POINT,0.051563,0.000000,0.000000,0.000000,0.000000,moving_average,4,24.680000,24.680000,25.094844,0
10,2026-01-26 03:15,OPTIMAL,FEASIBLE_POINT,0.047538,0.000000,0.000000,0.000000,0.000000,moving_average,4,24.700000,24.700000,24.889844,0
11,2026-01-26 03:30,OPTIMAL,FEASIBLE_POINT,0.060313,0.000000,0.000000,0.000000,0.000000,moving_average,4,25.490000,25.490000,24.674375,0
12,2026-01-26 03:45,OPTIMAL,FEASIBLE_POINT,0.080091,0.000000,0.000000,0.000000,0.000000,moving_average,4,26.050000,26.050000,25.281250,0
13,2026-01-26 04:00,OPTIMAL,FEASIBLE_POINT,0.072729,0.000000,0.000000,0.000000,0.000000,moving_average,4,24.950000,24.950000,25.275781,0
14,2026-01-26 04:15,OPTIMAL,FEASIBLE_POINT,0.066720,0.000000,0.000000,0.000000,0.000000,moving_average,4,26.640000,26.640000,25.836094,0
15,2026-01-26 04:30,OPTIMAL,FEASIBLE_POINT,0.064256,0.000000,0.000000,0.000000,0.000000,moving_average,4,25.840000,25.840000,25.868125,0
16,2026-01-26 04:45,OPTIMAL,FEASIBLE_POINT,0.077807,0.000000,0.000000,0.000000,0.000000,moving_average,4,25.870000,25.870000,25.827812,0
17,2026-01-26 05:00,OPTIMAL,FEASIBLE_POINT,0.048522,0.000000,0.000000,0.000000,0.000000,moving_average,4,25.050000,25.050000,25.800000,0
18,2026-01-26 05:15,OPTIMAL,FEASIBLE_POINT,0.059694,0.000000,0.000000,0.000000,0.000000,moving_average,4,25.390000,25.390000,25.528281,0
19,2026-01-26 05:30,OPTIMAL,FEASIBLE_POINT,0.069781,0.000000,0.000000,0.000000,0.000000,moving_average,4,26.830000,26.830000,25.850313,0
20,2026-01-26 05:45,OPTIMAL,FEASIBLE_POINT,0.070534,0.000000,0.000000,0.000000,0.000000,moving_average,4,25.880000,25.880000,25.793281,0
21,2026-01-26 06:00,OPTIMAL,FEASIBLE_POINT,0.042525,0.000000,0.000000,0.000000,0.000000,moving_average,4,24.740000,24.740000,25.649375,0
22,2026-01-26 06:15,OPTIMAL,FEASIBLE_POINT,0.067762,0.000000,0.000000,0.000000,0.000000,moving_average,4,25.040000,25.040000,25.586094,0
23,2026-01-26 06:30,OPTIMAL,FEASIBLE_POINT,0.079474,0.000000,0.000000,0.000000,0.000000,moving_average,4,25.650000,25.650000,25.347656,0
24,2026-01-26 06:45,OPTIMAL,FEASIBLE_POINT,0.063742,0.000000,0.000000,0.000000,0.000000,moving_average,4,26.270000,26.270000,25.477813,0
25,2026-01-26 07:00,OPTIMAL,FEASIBLE_POINT,0.048494,0.000000,0.000000,0.000000,0.000000,moving_average,4,24.770000,24.770000,25.391094,0
26,2026-01-26 07:15,OPTIMAL,FEASIBLE_POINT,0.058183,0.000000,0.000000,0.000000,0.000000,moving_average,4,26.070000,26.070000,25.713750,0
27,2026-01-26 07:30,OPTIMAL,FEASIBLE_POINT,0.082790,0.000000,0.000000,0.000000,0.000000,moving_average,4,25.840000,25.840000,25.743906,0
28,2026-01-26 07:45,OPTIMAL,FEASIBLE_POINT,0.052562,0.000000,0.000000,0.000000,0.000000,moving_average,4,53.140000,53.140000,33.747812,0
29,2026-01-26 08:00,OPTIMAL,FEASIBLE_POINT,1.292835,1.223684,1.223684,0.000000,0.000000,moving_average,4,162.350000,162.350000,72.818750,0
30,2026-01-26 08:15,OPTIMAL,FEASIBLE_POINT,0.137708,0.000000,0.000000,0.000000,0.000000,moving_average,4,204.840000,204.840000,117.373594,0
31,2026-01-26 08:30,OPTIMAL,FEASIBLE_POINT,0.648738,0.000000,0.000000,0.000000,0.000000,moving_average,4,207.180000,207.180000,160.021406,0
32,2026-01-26 08:45,OPTIMAL,FEASIBLE_POINT,0.992119,0.000000,0.000000,0.000000,0.000000,moving_average,4,208.160000,208.160000,196.415469,0
33,2026-01-26 09:00,OPTIMAL,FEASIBLE_POINT,0.606879,0.000000,0.000000,0.000000,0.000000,moving_average,4,202.760000,202.760000,205.549063,0
34,2026-01-26 09:15,OPTIMAL,FEASIBLE_POINT,0.736411,0.000000,0.000000,0.000000,0.000000,moving_average,4,203.470000,203.470000,205.272344,0
35,2026-01-26 09:30,OPTIMAL,FEASIBLE_POINT,0.625832,0.000000,0.000000,0.000000,0.000000,moving_average,4,202.880000,202.880000,204.227656,0
36,2026-01-26 09:45,OPTIMAL,FEASIBLE_POINT,0.495621,0.000000,0.000000,0.000000,0.000000,moving_average,4,202.170000,202.170000,202.779375,0
37,2026-01-26 10:00,OPTIMAL,FEASIBLE_POINT,0.497716,0.000000,0.000000,0.000000,0.000000,moving_average,4,203.510000,203.510000,203.038906,0
38,2026-01-26 10:15,OPTIMAL,FEASIBLE_POINT,0.631997,0.000000,0.000000,0.000000,0.000000,moving_average,4,202.770000,202.770000,202.828594,0
39,2026-01-26 10:30,OPTIMAL,FEASIBLE_POINT,0.691133,0.000000,0.000000,0.000000,0.000000,moving_average,4,201.670000,201.670000,202.476250,0
40,2026-01-26 10:45,OPTIMAL,FEASIBLE_POINT,0.557719,0.000000,0.000000,0.000000,0.000000,moving_average,4,202.190000,202.190000,202.513437,0
41,2026-01-26 11:00,OPTIMAL,FEASIBLE_POINT,0.770969,0.000000,0.000000,0.000000,0.000000,moving_average,4,203.430000,203.430000,202.572187,0
42,2026-01-26 11:15,OPTIMAL,FEASIBLE_POINT,0.790694,0.000000,0.000000,0.000000,0.000000,moving_average,4,203.250000,203.250000,202.673438,0
43,2026-01-26 11:30,OPTIMAL,FEASIBLE_POINT,0.989278,0.000000,0.000000,0.000000,0.000000,moving_average,4,202.010000,202.010000,202.675625,0
44,2026-01-26 11:45,OPTIMAL,FEASIBLE_POINT,0.451793,0.000000,0.000000,0.000000,0.000000,moving_average,4,202.520000,202.520000,202.784844,0
45,2026-01-26 12:00,OPTIMAL,FEASIBLE_POINT,0.564332,0.000000,0.000000,0.000000,0.000000,moving_average,4,202.920000,202.920000,202.690313,0
46,2026-01-26 12:15,OPTIMAL,FEASIBLE_POINT,1.030501,0.000000,0.000000,0.000000,0.000000,moving_average,4,114.580000,114.580000,176.387031,0
47,2026-01-26 12:30,OPTIMAL,FEASIBLE_POINT,0.314650,0.000000,0.000000,0.000000,0.000000,moving_average,4,28.950000,28.950000,130.474219,0
48,2026-01-26 12:45,OPTIMAL,FEASIBLE_POINT,0.089101,0.000000,0.000000,0.000000,0.000000,moving_average,4,28.460000,28.460000,89.648281,0
49,2026-01-26 13:00,OPTIMAL,FEASIBLE_POINT,1.117575,0.000000,0.000000,0.000000,0.000000,moving_average,4,28.710000,28.710000,48.833437,0
50,2026-01-26 13:15,OPTIMAL,FEASIBLE_POINT,0.566741,24.788250,15.477224,0.000000,0.000000,moving_average,4,23.540000,23.540000,27.172813,0
51,2026-01-26 13:30,OPTIMAL,FEASIBLE_POINT,0.290854,28.972460,15.724592,0.000000,0.000000,moving_average,4,11.510000,11.510000,22.333438,0
52,2026-01-26 13:45,OPTIMAL,FEASIBLE_POINT,0.058298,0.000000,0.000000,0.000000,0.000000,moving_average,4,6.380000,6.380000,16.837812,0
53,2026-01-26 14:00,OPTIMAL,FEASIBLE_POINT,0.057881,0.000000,0.000000,0.000000,0.000000,moving_average,4,23.650000,23.650000,16.731250,0
54,2026-01-26 14:15,OPTIMAL,FEASIBLE_POINT,1.484514,0.000000,0.000000,0.000000,0.000000,moving_average,4,88.910000,88.910000,36.131094,0
55,2026-01-26 14:30,OPTIMAL,FEASIBLE_POINT,0.037827,0.000000,0.000000,0.000000,0.000000,moving_average,4,184.680000,184.680000,82.703437,0
56,2026-01-26 14:45,OPTIMAL,FEASIBLE_POINT,0.113379,0.000000,0.000000,0.000000,0.000000,moving_average,4,183.830000,183.830000,124.240156,0
57,2026-01-26 15:00,OPTIMAL,FEASIBLE_POINT,0.171792,0.000000,0.000000,0.000000,0.000000,moving_average,4,182.100000,182.100000,161.268750,0
58,2026-01-26 15:15,OPTIMAL,FEASIBLE_POINT,0.859614,0.000000,0.000000,0.000000,0.000000,moving_average,4,162.480000,162.480000,177.285469,0
59,2026-01-26 15:30,OPTIMAL,FEASIBLE_POINT,0.525944,0.000000,0.000000,0.000000,0.000000,moving_average,4,39.950000,39.950000,135.706250,0
60,2026-01-26 15:45,OPTIMAL,FEASIBLE_POINT,0.505526,0.000000,0.000000,0.000000,0.000000,moving_average,4,37.590000,37.590000,101.283750,0
61,2026-01-26 16:00,OPTIMAL,FEASIBLE_POINT,0.089294,0.000000,0.000000,0.000000,0.000000,moving_average,4,43.950000,43.950000,69.302344,0
62,2026-01-26 16:15,OPTIMAL,FEASIBLE_POINT,0.059819,0.000000,0.000000,0.000000,0.000000,moving_average,4,33.800000,33.800000,38.508594,0
63,2026-01-26 16:30,OPTIMAL,FEASIBLE_POINT,0.044753,0.000000,0.000000,0.000000,0.000000,moving_average,4,31.210000,31.210000,36.298281,0
64,2026-01-26 16:45,OPTIMAL,FEASIBLE_POINT,0.046445,0.000000,0.000000,0.000000,0.000000,moving_average,4,31.890000,31.890000,35.004844,0
65,2026-01-26 17:00,OPTIMAL,FEASIBLE_POINT,0.041764,0.000000,0.000000,0.000000,0.000000,moving_average,4,31.700000,31.700000,32.121875,0
66,2026-01-26 17:15,OPTIMAL,FEASIBLE_POINT,0.051625,0.000000,0.000000,0.000000,0.000000,moving_average,4,31.200000,31.200000,31.481250,0
67,2026-01-26 17:30,OPTIMAL,FEASIBLE_POINT,0.052008,0.000000,0.000000,0.000000,0.000000,moving_average,4,31.440000,31.440000,31.550156,0
68,2026-01-26 17:45,OPTIMAL,FEASIBLE_POINT,0.058606,0.000000,0.000000,0.000000,0.000000,moving_average,4,33.500000,33.500000,32.056250,0
69,2026-01-26 18:00,OPTIMAL,FEASIBLE_POINT,0.163312,14.441803,12.254125,0.000000,0.000000,moving_average,4,56.870000,56.870000,39.416094,0
70,2026-01-26 18:15,OPTIMAL,FEASIBLE_POINT,0.329758,5.722546,5.722546,0.000000,0.000000,moving_average,4,36.020000,36.020000,39.242656,0
71,2026-01-26 18:30,OPTIMAL,FEASIBLE_POINT,0.421887,8.507414,8.507414,0.000000,0.000000,moving_average,4,36.090000,36.090000,40.336875,0
72,2026-01-26 18:45,OPTIMAL,FEASIBLE_POINT,1.552577,5.181099,5.181099,0.000000,0.000000,moving_average,4,72.280000,72.280000,51.687813,0
73,2026-01-26 19:00,OPTIMAL,FEASIBLE_POINT,1.097455,0.000000,0.000000,0.000000,0.000000,moving_average,4,55.220000,55.220000,50.234844,0
74,2026-01-26 19:15,OPTIMAL,FEASIBLE_POINT,0.380416,0.000000,0.000000,0.000000,0.000000,moving_average,4,37.000000,37.000000,49.325781,0
75,2026-01-26 19:30,OPTIMAL,FEASIBLE_POINT,0.280953,0.000000,0.000000,0.000000,0.000000,moving_average,4,43.970000,43.970000,51.608281,0
76,2026-01-26 19:45,OPTIMAL,FEASIBLE_POINT,0.030168,0.000000,0.000000,0.000000,0.000000,moving_average,4,67.180000,67.180000,51.863594,0
77,2026-01-26 20:00,OPTIMAL,FEASIBLE_POINT,0.045929,0.000000,0.000000,0.000000,0.000000,moving_average,4,71.030000,71.030000,55.809687,0
78,2026-01-26 20:15,OPTIMAL,FEASIBLE_POINT,0.026216,0.000000,0.000000,0.000000,0.000000,moving_average,4,32.800000,32.800000,52.435938,0
79,2026-01-26 20:30,OPTIMAL,FEASIBLE_POINT,0.026721,0.000000,0.000000,0.000000,0.000000,moving_average,4,30.180000,30.180000,49.040156,0
80,2026-01-26 20:45,OPTIMAL,FEASIBLE_POINT,0.047037,0.000000,0.000000,0.000000,0.000000,moving_average,4,26.270000,26.270000,39.207500,0
81,2026-01-26 21:00,OPTIMAL,FEASIBLE_POINT,0.052894,0.000000,0.000000,0.000000,0.000000,moving_average,4,27.700000,27.700000,29.141406,0
82,2026-01-26 21:15,OPTIMAL,FEASIBLE_POINT,0.057784,0.000000,0.000000,0.000000,0.000000,moving_average,4,25.710000,25.710000,27.355313,0
83,2026-01-26 21:30,OPTIMAL,FEASIBLE_POINT,0.083108,0.000000,0.000000,0.000000,0.000000,moving_average,4,24.930000,24.930000,26.076094,0
84,2026-01-26 21:45,OPTIMAL,FEASIBLE_POINT,0.094464,0.000000,0.000000,0.000000,0.000000,moving_average,4,26.670000,26.670000,26.278594,0
85,2026-01-26 22:00,OPTIMAL,FEASIBLE_POINT,0.078144,0.000000,0.000000,0.000000,0.000000,moving_average,4,26.000000,26.000000,25.838281,0
86,2026-01-26 22:15,OPTIMAL,FEASIBLE_POINT,0.084774,0.000000,0.000000,0.000000,0.000000,moving_average,4,25.310000,25.310000,25.701406,0
87,2026-01-26 22:30,OPTIMAL,FEASIBLE_POINT,0.089867,0.000000,0.000000,0.000000,0.000000,moving_average,4,25.120000,25.120000,25.734062,0
88,2026-01-26 22:45,OPTIMAL,FEASIBLE_POINT,0.060520,0.000000,0.000000,0.000000,0.000000,moving_average,4,29.560000,29.560000,26.688906,0
89,2026-01-26 23:00,OPTIMAL,FEASIBLE_POINT,0.047568,0.000000,0.000000,0.000000,0.000000,moving_average,4,28.200000,28.200000,27.119531,0
90,2026-01-26 23:15,OPTIMAL,FEASIBLE_POINT,0.046063,0.000000,0.000000,0.000000,0.000000,moving_average,4,25.660000,25.660000,27.042812,0
91,2026-01-26 23:30,OPTIMAL,FEASIBLE_POINT,0.057582,0.000000,0.000000,0.000000,0.000000,moving_average,4,27.580000,27.580000,27.739375,0
92,2026-01-26 23:45,OPTIMAL,FEASIBLE_POINT,0.056143,0.000000,0.000000,0.000000,0.000000,moving_average,4,28.960000,28.960000,27.685000,0
93,2026-01-27 00:00,OPTIMAL,FEASIBLE_POINT,0.060197,0.000000,0.000000,0.000000,0.000000,moving_average,4,27.520000,27.520000,27.435625,0
94,2026-01-27 00:15,OPTIMAL,FEASIBLE_POINT,0.050405,0.000000,0.000000,0.000000,0.000000,moving_average,4,25.850000,25.850000,27.375781,0
95,2026-01-27 00:30,OPTIMAL,FEASIBLE_POINT,0.049061,0.000000,0.000000,0.000000,0.000000,moving_average,4,28.760000,28.760000,27.834219,0
96,2026-01-27 00:45,OPTIMAL,FEASIBLE_POINT,0.052246,0.000000,0.000000,0.000000,0.000000,moving_average,4,26.550000,26.550000,27.131250,0
97,2026-01-27 01:00,OPTIMAL,FEASIBLE_POINT,0.055120,0.000000,0.000000,0.000000,0.000000,moving_average,4,25.560000,25.560000,26.610000,0
98,2026-01-27 01:15,OPTIMAL,FEASIBLE_POINT,0.046811,0.000000,0.000000,0.000000,0.000000,moving_average,4,25.610000,25.610000,26.556875,0
99,2026-01-27 01:30,OPTIMAL,FEASIBLE_POINT,0.055383,0.000000,0.000000,0.000000,0.000000,moving_average,4,25.950000,25.950000,25.919531,0
100,2026-01-27 01:45,OPTIMAL,FEASIBLE_POINT,0.046176,0.000000,0.000000,0.000000,0.000000,moving_average,4,24.380000,24.380000,25.312812,0
101,2026-01-27 02:00,OPTIMAL,FEASIBLE_POINT,0.047294,0.000000,0.000000,0.000000,0.000000,moving_average,4,26.890000,26.890000,25.781406,0
102,2026-01-27 02:15,OPTIMAL,FEASIBLE_POINT,0.049948,0.000000,0.000000,0.000000,0.000000,moving_average,4,26.880000,26.880000,26.078437,0
103,2026-01-27 02:30,OPTIMAL,FEASIBLE_POINT,0.056247,0.000000,0.000000,0.000000,0.000000,moving_average,4,25.180000,25.180000,25.791719,0
104,2026-01-27 02:45,OPTIMAL,FEASIBLE_POINT,0.059095,0.000000,0.000000,0.000000,0.000000,moving_average,4,24.980000,24.980000,25.919844,0
105,2026-01-27 03:00,OPTIMAL,FEASIBLE_POINT,0.053662,0.000000,0.000000,0.000000,0.000000,moving_average,4,27.090000,27.090000,26.098594,0
106,2026-01-27 03:15,OPTIMAL,FEASIBLE_POINT,0.056350,0.000000,0.000000,0.000000,0.000000,moving_average,4,25.080000,25.080000,25.551094,0
107,2026-01-27 03:30,OPTIMAL,FEASIBLE_POINT,0.059411,0.000000,0.000000,0.000000,0.000000,moving_average,4,25.790000,25.790000,25.738438,0
108,2026-01-27 03:45,OPTIMAL,FEASIBLE_POINT,0.046506,0.000000,0.000000,0.000000,0.000000,moving_average,4,25.620000,25.620000,25.877812,0
109,2026-01-27 04:00,OPTIMAL,FEASIBLE_POINT,0.058754,0.000000,0.000000,0.000000,0.000000,moving_average,4,26.850000,26.850000,25.898437,0
110,2026-01-27 04:15,OPTIMAL,FEASIBLE_POINT,0.067371,0.000000,0.000000,0.000000,0.000000,moving_average,4,25.140000,25.140000,25.805625,0
111,2026-01-27 04:30,OPTIMAL,FEASIBLE_POINT,0.051165,0.000000,0.000000,0.000000,0.000000,moving_average,4,25.920000,25.920000,25.884844,0
112,2026-01-27 04:45,OPTIMAL,FEASIBLE_POINT,0.061542,0.000000,0.000000,0.000000,0.000000,moving_average,4,26.940000,26.940000,26.257969,0
113,2026-01-27 05:00,OPTIMAL,FEASIBLE_POINT,0.058794,0.000000,0.000000,0.000000,0.000000,moving_average,4,26.120000,26.120000,26.035625,0
114,2026-01-27 05:15,OPTIMAL,FEASIBLE_POINT,0.056141,0.000000,0.000000,0.000000,0.000000,moving_average,4,26.030000,26.030000,26.238594,0
115,2026-01-27 05:30,OPTIMAL,FEASIBLE_POINT,0.054510,0.000000,0.000000,0.000000,0.000000,moving_average,4,26.220000,26.220000,26.320781,0
116,2026-01-27 05:45,OPTIMAL,FEASIBLE_POINT,0.057009,0.000000,0.000000,0.000000,0.000000,moving_average,4,27.250000,27.250000,26.457812,0
117,2026-01-27 06:00,OPTIMAL,FEASIBLE_POINT,0.053907,0.000000,0.000000,0.000000,0.000000,moving_average,4,26.930000,26.930000,26.627656,0
118,2026-01-27 06:15,OPTIMAL,FEASIBLE_POINT,0.047353,0.000000,0.000000,0.000000,0.000000,moving_average,4,26.350000,26.350000,26.666406,0
119,2026-01-27 06:30,OPTIMAL,FEASIBLE_POINT,0.059102,0.130599,0.130599,0.000000,0.000000,moving_average,4,27.950000,27.950000,27.171875,0
120,2026-01-27 06:45,OPTIMAL,FEASIBLE_POINT,0.297458,20.465145,13.976651,0.000000,0.000000,moving_average,4,32.590000,32.590000,28.713437,0
121,2026-01-27 07:00,OPTIMAL,FEASIBLE_POINT,0.324651,14.282250,11.030599,0.000000,0.000000,moving_average,4,31.350000,31.350000,29.671875,0
122,2026-01-27 07:15,OPTIMAL,FEASIBLE_POINT,1.119615,8.520408,8.347704,0.000000,0.000000,moving_average,4,32.370000,32.370000,31.146562,0
123,2026-01-27 07:30,OPTIMAL,FEASIBLE_POINT,1.182885,16.024355,12.609546,0.000000,0.000000,moving_average,4,43.450000,43.450000,35.471875,0
124,2026-01-27 07:45,OPTIMAL,FEASIBLE_POINT,1.059070,0.000000,0.000000,0.000000,0.000000,moving_average,4,53.150000,53.150000,40.896875,0
125,2026-01-27 08:00,OPTIMAL,FEASIBLE_POINT,0.308859,0.000000,0.000000,0.000000,0.000000,moving_average,4,43.210000,43.210000,43.055312,0
126,2026-01-27 08:15,OPTIMAL,FEASIBLE_POINT,0.097783,0.000000,0.000000,0.000000,0.000000,moving_average,4,34.730000,34.730000,43.078437,0
127,2026-01-27 08:30,OPTIMAL,FEASIBLE_POINT,0.025166,0.000000,0.000000,0.000000,0.000000,moving_average,4,32.850000,32.850000,40.476563,0
128,2026-01-27 08:45,OPTIMAL,FEASIBLE_POINT,0.059216,0.000000,0.000000,0.000000,0.000000,moving_average,4,31.030000,31.030000,35.178437,0
129,2026-01-27 09:00,OPTIMAL,FEASIBLE_POINT,0.033497,0.000000,0.000000,0.000000,0.000000,moving_average,4,38.540000,38.540000,34.553281,0
130,2026-01-27 09:15,OPTIMAL,FEASIBLE_POINT,0.032582,0.000000,0.000000,0.000000,0.000000,moving_average,4,37.840000,37.840000,35.238438,0
131,2026-01-27 09:30,OPTIMAL,FEASIBLE_POINT,0.059411,0.000000,0.000000,0.000000,0.000000,moving_average,4,29.060000,29.060000,33.801406,0
132,2026-01-27 09:45,OPTIMAL,FEASIBLE_POINT,0.039727,0.000000,0.000000,0.000000,0.000000,moving_average,4,30.780000,30.780000,33.850313,0
133,2026-01-27 10:00,OPTIMAL,FEASIBLE_POINT,0.056384,0.000000,0.000000,0.000000,0.000000,moving_average,4,21.990000,21.990000,29.422031,0
134,2026-01-27 10:15,OPTIMAL,FEASIBLE_POINT,0.050893,0.000000,0.000000,0.000000,0.000000,moving_average,4,15.350000,15.350000,23.735938,0
135,2026-01-27 10:30,OPTIMAL,FEASIBLE_POINT,0.082913,0.000000,0.000000,0.000000,0.000000,moving_average,4,18.760000,18.760000,21.535000,0
136,2026-01-27 10:45,OPTIMAL,FEASIBLE_POINT,0.087246,0.000000,0.000000,0.000000,0.000000,moving_average,4,19.190000,19.190000,18.845469,0
137,2026-01-27 11:00,OPTIMAL,FEASIBLE_POINT,0.090865,0.000000,0.000000,0.000000,0.000000,moving_average,4,16.300000,16.300000,17.331250,0
138,2026-01-27 11:15,OPTIMAL,FEASIBLE_POINT,0.050942,0.000000,0.000000,0.000000,0.000000,moving_average,4,38.250000,38.250000,24.070312,0
139,2026-01-27 11:30,OPTIMAL,FEASIBLE_POINT,0.046703,0.000000,0.000000,0.000000,0.000000,moving_average,4,48.320000,48.320000,31.627812,0
140,2026-01-27 11:45,OPTIMAL,FEASIBLE_POINT,0.053484,0.000000,0.000000,0.000000,0.000000,moving_average,4,44.690000,44.690000,37.377500,0
141,2026-01-27 12:00,OPTIMAL,FEASIBLE_POINT,0.052425,0.000000,0.000000,0.000000,0.000000,moving_average,4,45.930000,45.930000,44.399531,0
142,2026-01-27 12:15,OPTIMAL,FEASIBLE_POINT,0.052493,0.000000,0.000000,0.000000,0.000000,moving_average,4,53.060000,53.060000,48.316250,0
143,2026-01-27 12:30,OPTIMAL,FEASIBLE_POINT,0.047013,0.000000,0.000000,0.000000,0.000000,moving_average,4,52.620000,52.620000,49.296563,0
144,2026-01-27 12:45,OPTIMAL,FEASIBLE_POINT,0.055704,0.000000,0.000000,0.000000,0.000000,moving_average,4,55.990000,55.990000,52.155625,0
145,2026-01-27 13:00,OPTIMAL,FEASIBLE_POINT,0.316266,9.505612,9.505612,0.000000,0.000000,moving_average,4,85.880000,85.880000,63.387031,0
146,2026-01-27 13:15,OPTIMAL,FEASIBLE_POINT,0.249091,4.151664,4.151664,0.000000,0.000000,moving_average,4,50.350000,50.350000,60.531250,0
147,2026-01-27 13:30,OPTIMAL,FEASIBLE_POINT,0.305168,14.297059,14.297059,0.000000,0.000000,moving_average,4,49.310000,49.310000,59.690469,0
148,2026-01-27 13:45,OPTIMAL,FEASIBLE_POINT,0.247734,12.825349,12.825349,0.000000,0.000000,moving_average,4,41.500000,41.500000,55.806250,0
149,2026-01-27 14:00,OPTIMAL,FEASIBLE_POINT,0.065676,1.236533,1.236533,0.000000,0.000000,moving_average,4,34.630000,34.630000,43.365156,0
150,2026-01-27 14:15,OPTIMAL,FEASIBLE_POINT,0.067393,0.000000,0.000000,0.000000,0.000000,moving_average,4,37.100000,37.100000,40.414062,0
151,2026-01-27 14:30,OPTIMAL,FEASIBLE_POINT,0.063712,0.000000,0.000000,0.000000,0.000000,moving_average,4,35.160000,35.160000,36.976406,0
152,2026-01-27 14:45,OPTIMAL,FEASIBLE_POINT,0.067233,0.000000,0.000000,0.000000,0.000000,moving_average,4,32.470000,32.470000,34.691875,0
153,2026-01-27 15:00,OPTIMAL,FEASIBLE_POINT,0.051378,0.000000,0.000000,0.000000,0.000000,moving_average,4,32.200000,32.200000,34.105469,0
154,2026-01-27 15:15,OPTIMAL,FEASIBLE_POINT,0.057616,3.247717,3.247717,0.000000,0.000000,moving_average,4,32.750000,32.750000,33.120312,0
155,2026-01-27 15:30,OPTIMAL,FEASIBLE_POINT,0.089559,9.292145,8.912849,0.000000,0.000000,moving_average,4,32.290000,32.290000,32.418906,0
156,2026-01-27 15:45,OPTIMAL,FEASIBLE_POINT,0.361033,12.146750,10.380612,0.000000,0.000000,moving_average,4,33.700000,33.700000,32.795313,0
157,2026-01-27 16:00,OPTIMAL,FEASIBLE_POINT,0.352710,11.908592,10.262191,0.000000,0.000000,moving_average,4,32.220000,32.220000,32.707500,0
158,2026-01-27 16:15,OPTIMAL,FEASIBLE_POINT,0.558938,14.809908,11.759559,0.000000,0.000000,moving_average,4,34.170000,34.170000,33.162188,0
159,2026-01-27 16:30,OPTIMAL,FEASIBLE_POINT,0.524755,20.167145,14.537849,0.000000,0.000000,moving_average,4,35.320000,35.320000,33.944219,0
160,2026-01-27 16:45,OPTIMAL,FEASIBLE_POINT,1.089956,7.085875,7.085875,0.000000,0.000000,moving_average,4,35.450000,35.450000,34.362500,0
161,2026-01-27 17:00,OPTIMAL,FEASIBLE_POINT,1.233690,9.083243,9.083243,0.000000,0.000000,moving_average,4,35.440000,35.440000,35.116563,0
162,2026-01-27 17:15,OPTIMAL,FEASIBLE_POINT,1.158681,0.000000,0.000000,0.000000,0.000000,moving_average,4,34.990000,34.990000,35.280625,0
163,2026-01-27 17:30,OPTIMAL,FEASIBLE_POINT,0.700123,0.000000,0.000000,0.000000,0.000000,moving_average,4,32.600000,32.600000,34.493750,0
164,2026-01-27 17:45,OPTIMAL,FEASIBLE_POINT,0.373553,0.000000,0.000000,0.000000,0.000000,moving_average,4,31.840000,31.840000,33.600156,0
165,2026-01-27 18:00,OPTIMAL,FEASIBLE_POINT,0.110965,0.000000,0.000000,0.000000,0.000000,moving_average,4,65.460000,65.460000,42.737344,0
166,2026-01-27 18:15,OPTIMAL,FEASIBLE_POINT,0.109555,0.000000,0.000000,0.000000,0.000000,moving_average,4,81.410000,81.410000,54.613906,0
167,2026-01-27 18:30,OPTIMAL,FEASIBLE_POINT,0.058236,0.000000,0.000000,0.000000,0.000000,moving_average,4,69.820000,69.820000,62.612969,0
168,2026-01-27 18:45,OPTIMAL,FEASIBLE_POINT,0.062721,0.000000,0.000000,0.000000,0.000000,moving_average,4,63.240000,63.240000,69.561094,0
169,2026-01-27 19:00,OPTIMAL,FEASIBLE_POINT,0.062833,0.000000,0.000000,0.000000,0.000000,moving_average,4,42.360000,42.360000,62.842031,0
170,2026-01-27 19:15,OPTIMAL,FEASIBLE_POINT,0.051642,0.000000,0.000000,0.000000,0.000000,moving_average,4,74.750000,74.750000,63.305469,0
171,2026-01-27 19:30,OPTIMAL,FEASIBLE_POINT,0.035553,0.000000,0.000000,0.000000,0.000000,moving_average,4,70.410000,70.410000,63.172500,0
172,2026-01-27 19:45,OPTIMAL,FEASIBLE_POINT,0.048575,0.000000,0.000000,0.000000,0.000000,moving_average,4,103.160000,103.160000,74.575625,0
173,2026-01-27 20:00,OPTIMAL,FEASIBLE_POINT,0.341935,0.000000,0.000000,0.000000,0.000000,moving_average,4,223.060000,223.060000,124.420938,0
174,2026-01-27 20:15,OPTIMAL,FEASIBLE_POINT,0.313376,0.000000,0.000000,0.000000,0.000000,moving_average,4,227.100000,227.100000,160.380469,0
175,2026-01-27 20:30,OPTIMAL,FEASIBLE_POINT,1.343374,0.000000,0.000000,0.000000,0.000000,moving_average,4,220.640000,220.640000,195.186875,0
176,2026-01-27 20:45,OPTIMAL,FEASIBLE_POINT,1.277640,0.000000,0.000000,0.000000,0.000000,moving_average,4,219.950000,219.950000,222.516406,0
177,2026-01-27 21:00,OPTIMAL,FEASIBLE_POINT,0.991329,0.000000,0.000000,0.000000,0.000000,moving_average,4,217.890000,217.890000,221.175938,0
178,2026-01-27 21:15,OPTIMAL,FEASIBLE_POINT,0.751031,0.000000,0.000000,0.000000,0.000000,moving_average,4,219.360000,219.360000,219.453750,0
179,2026-01-27 21:30,OPTIMAL,FEASIBLE_POINT,0.470670,0.000000,0.000000,0.000000,0.000000,moving_average,4,216.720000,216.720000,218.370000,0
180,2026-01-27 21:45,OPTIMAL,FEASIBLE_POINT,0.701489,0.000000,0.000000,0.000000,0.000000,moving_average,4,225.400000,225.400000,220.189844,0
181,2026-01-27 22:00,OPTIMAL,FEASIBLE_POINT,0.453035,0.000000,0.000000,0.000000,0.000000,moving_average,4,213.040000,213.040000,218.280625,0
182,2026-01-27 22:15,OPTIMAL,FEASIBLE_POINT,0.377428,0.000000,0.000000,0.000000,0.000000,moving_average,4,215.440000,215.440000,217.511875,0
183,2026-01-27 22:30,OPTIMAL,FEASIBLE_POINT,0.410083,0.000000,0.000000,0.000000,0.000000,moving_average,4,214.220000,214.220000,216.849688,0
184,2026-01-27 22:45,OPTIMAL,FEASIBLE_POINT,0.220117,0.000000,0.000000,0.000000,0.000000,moving_average,4,211.770000,211.770000,213.502031,0
185,2026-01-27 23:00,OPTIMAL,FEASIBLE_POINT,0.583454,0.000000,0.000000,0.000000,0.000000,moving_average,4,206.780000,206.780000,211.722969,0
186,2026-01-27 23:15,OPTIMAL,FEASIBLE_POINT,0.331897,0.000000,0.000000,0.000000,0.000000,moving_average,4,202.220000,202.220000,208.339531,0
187,2026-01-27 23:30,OPTIMAL,FEASIBLE_POINT,0.561765,0.000000,0.000000,0.000000,0.000000,moving_average,4,201.080000,201.080000,205.188594,0
188,2026-01-27 23:45,OPTIMAL,FEASIBLE_POINT,0.632652,0.000000,0.000000,0.000000,0.000000,moving_average,4,199.770000,199.770000,202.294219,0
189,2026-01-28 00:00,OPTIMAL,FEASIBLE_POINT,0.584670,0.000000,0.000000,0.000000,0.000000,moving_average,4,200.800000,200.800000,200.957031,0
190,2026-01-28 00:15,OPTIMAL,FEASIBLE_POINT,0.447304,0.000000,0.000000,0.000000,0.000000,moving_average,4,198.160000,198.160000,199.840469,0
191,2026-01-28 00:30,OPTIMAL,FEASIBLE_POINT,0.929706,0.000000,0.000000,0.000000,0.000000,moving_average,4,58.560000,58.560000,157.712344,0
192,2026-01-28 00:45,OPTIMAL,FEASIBLE_POINT,0.363454,0.000000,0.000000,0.000000,0.000000,moving_average,4,27.070000,27.070000,115.267656,0
193,2026-01-28 01:00,OPTIMAL,FEASIBLE_POINT,0.076919,3.055507,3.055507,0.000000,0.000000,moving_average,4,26.450000,26.450000,74.365625,0
194,2026-01-28 01:15,OPTIMAL,FEASIBLE_POINT,0.045868,0.000000,0.000000,0.000000,0.000000,moving_average,4,26.680000,26.680000,34.189375,0
195,2026-01-28 01:30,OPTIMAL,FEASIBLE_POINT,0.060385,0.000000,0.000000,0.000000,0.000000,moving_average,4,27.570000,27.570000,26.981719,0
196,2026-01-28 01:45,OPTIMAL,FEASIBLE_POINT,0.063819,0.000000,0.000000,0.000000,0.000000,moving_average,4,35.240000,35.240000,29.375938,0
197,2026-01-28 02:00,OPTIMAL,FEASIBLE_POINT,0.052666,0.000000,0.000000,0.000000,0.000000,moving_average,4,38.960000,38.960000,32.540469,0
198,2026-01-28 02:15,OPTIMAL,FEASIBLE_POINT,0.051094,0.000000,0.000000,0.000000,0.000000,moving_average,4,33.020000,33.020000,33.655156,0
199,2026-01-28 02:30,OPTIMAL,FEASIBLE_POINT,0.059204,0.000000,0.000000,0.000000,0.000000,moving_average,4,55.620000,55.620000,41.641875,0
200,2026-01-28 02:45,OPTIMAL,FEASIBLE_POINT,0.047881,0.000000,0.000000,0.000000,0.000000,moving_average,4,38.310000,38.310000,41.279531,0
201,2026-01-28 03:00,OPTIMAL,FEASIBLE_POINT,0.062631,0.000000,0.000000,0.000000,0.000000,moving_average,4,42.130000,42.130000,42.261250,0
202,2026-01-28 03:15,OPTIMAL,FEASIBLE_POINT,0.047348,0.000000,0.000000,0.000000,0.000000,moving_average,4,45.560000,45.560000,45.414687,0
203,2026-01-28 03:30,OPTIMAL,FEASIBLE_POINT,0.048716,0.000000,0.000000,0.000000,0.000000,moving_average,4,41.610000,41.610000,41.884219,0
204,2026-01-28 03:45,OPTIMAL,FEASIBLE_POINT,0.055139,4.608138,4.608138,0.000000,0.000000,moving_average,4,63.100000,63.100000,49.037500,0
205,2026-01-28 04:00,OPTIMAL,FEASIBLE_POINT,0.369141,10.329849,10.329849,0.000000,0.000000,moving_average,4,88.000000,88.000000,61.344531,0
206,2026-01-28 04:15,OPTIMAL,FEASIBLE_POINT,0.604402,4.771954,4.771954,0.000000,0.000000,moving_average,4,61.700000,61.700000,63.483594,0
207,2026-01-28 04:30,OPTIMAL,FEASIBLE_POINT,1.367368,0.000000,0.000000,0.000000,0.000000,moving_average,4,76.710000,76.710000,72.648281,0
208,2026-01-28 04:45,OPTIMAL,FEASIBLE_POINT,0.029883,0.000000,0.000000,0.000000,0.000000,moving_average,4,38.470000,38.470000,64.485625,0
209,2026-01-28 05:00,OPTIMAL,FEASIBLE_POINT,0.023115,0.000000,0.000000,0.000000,0.000000,moving_average,4,20.450000,20.450000,47.527344,0
210,2026-01-28 05:15,OPTIMAL,FEASIBLE_POINT,0.028336,0.000000,0.000000,0.000000,0.000000,moving_average,4,17.000000,17.000000,36.835156,0
211,2026-01-28 05:30,OPTIMAL,FEASIBLE_POINT,0.030936,0.000000,0.000000,0.000000,0.000000,moving_average,4,13.180000,13.180000,21.706562,0
212,2026-01-28 05:45,OPTIMAL,FEASIBLE_POINT,0.047990,0.000000,0.000000,0.000000,0.000000,moving_average,4,8.370000,8.370000,14.351250,0
213,2026-01-28 06:00,OPTIMAL,FEASIBLE_POINT,0.047777,0.000000,0.000000,0.000000,0.000000,moving_average,4,11.270000,11.270000,12.380937,0
214,2026-01-28 06:15,OPTIMAL,FEASIBLE_POINT,0.047532,0.000000,0.000000,0.000000,0.000000,moving_average,4,11.150000,11.150000,11.002344,0
215,2026-01-28 06:30,OPTIMAL,FEASIBLE_POINT,0.043492,0.000000,0.000000,0.000000,0.000000,moving_average,4,12.930000,12.930000,11.055000,0
216,2026-01-28 06:45,OPTIMAL,FEASIBLE_POINT,0.072847,0.000000,0.000000,0.000000,0.000000,moving_average,4,22.670000,22.670000,15.015312,0
217,2026-01-28 07:00,OPTIMAL,FEASIBLE_POINT,0.066404,0.000000,0.000000,0.000000,0.000000,moving_average,4,31.100000,31.100000,20.189844,0
218,2026-01-28 07:15,OPTIMAL,FEASIBLE_POINT,0.058558,0.000000,0.000000,0.000000,0.000000,moving_average,4,30.000000,30.000000,24.539063,0
219,2026-01-28 07:30,OPTIMAL,FEASIBLE_POINT,0.053103,0.000000,0.000000,0.000000,0.000000,moving_average,4,29.360000,29.360000,28.349844,0
220,2026-01-28 07:45,OPTIMAL,FEASIBLE_POINT,0.055648,0.000000,0.000000,0.000000,0.000000,moving_average,4,27.520000,27.520000,29.371563,0
221,2026-01-28 08:00,OPTIMAL,FEASIBLE_POINT,0.048091,0.000000,0.000000,0.000000,0.000000,moving_average,4,29.500000,29.500000,29.120313,0
222,2026-01-28 08:15,OPTIMAL,FEASIBLE_POINT,0.085397,0.000000,0.000000,0.000000,0.000000,moving_average,4,27.940000,27.940000,28.540000,0
223,2026-01-28 08:30,OPTIMAL,FEASIBLE_POINT,0.126064,0.000000,0.000000,0.000000,0.000000,moving_average,4,28.040000,28.040000,28.236875,0
224,2026-01-28 08:45,OPTIMAL,FEASIBLE_POINT,0.082995,0.000000,0.000000,0.000000,0.000000,moving_average,4,28.040000,28.040000,28.358750,0
225,2026-01-28 09:00,OPTIMAL,FEASIBLE_POINT,0.105721,0.000000,0.000000,0.000000,0.000000,moving_average,4,28.570000,28.570000,28.173906,0
226,2026-01-28 09:15,OPTIMAL,FEASIBLE_POINT,0.093181,0.000000,0.000000,0.000000,0.000000,moving_average,4,29.880000,29.880000,28.710469,0
227,2026-01-28 09:30,OPTIMAL,FEASIBLE_POINT,0.081642,0.000000,0.000000,0.000000,0.000000,moving_average,4,28.530000,28.530000,28.740937,0
228,2026-01-28 09:45,OPTIMAL,FEASIBLE_POINT,0.077458,0.000000,0.000000,0.000000,0.000000,moving_average,4,29.170000,29.170000,29.045781,0
229,2026-01-28 10:00,OPTIMAL,FEASIBLE_POINT,0.085649,0.000000,0.000000,0.000000,0.000000,moving_average,4,36.740000,36.740000,31.433750,0
230,2026-01-28 10:15,OPTIMAL,FEASIBLE_POINT,0.115443,0.000000,0.000000,0.000000,0.000000,moving_average,4,43.810000,43.810000,35.140469,0
231,2026-01-28 10:30,OPTIMAL,FEASIBLE_POINT,0.091263,0.000000,0.000000,0.000000,0.000000,moving_average,4,33.530000,33.530000,35.669844,0
232,2026-01-28 10:45,OPTIMAL,FEASIBLE_POINT,0.072030,0.000000,0.000000,0.000000,0.000000,moving_average,4,33.080000,33.080000,36.558125,0
233,2026-01-28 11:00,OPTIMAL,FEASIBLE_POINT,0.044544,0.000000,0.000000,0.000000,0.000000,moving_average,4,31.660000,31.660000,35.278750,0
234,2026-01-28 11:15,OPTIMAL,FEASIBLE_POINT,0.062177,0.000000,0.000000,0.000000,0.000000,moving_average,4,31.460000,31.460000,32.371719,0
235,2026-01-28 11:30,OPTIMAL,FEASIBLE_POINT,0.055101,0.000000,0.000000,0.000000,0.000000,moving_average,4,28.850000,28.850000,31.111719,0
236,2026-01-28 11:45,OPTIMAL,FEASIBLE_POINT,0.057829,0.000000,0.000000,0.000000,0.000000,moving_average,4,27.110000,27.110000,29.603750,0
237,2026-01-28 12:00,OPTIMAL,FEASIBLE_POINT,0.054722,0.000000,0.000000,0.000000,0.000000,moving_average,4,26.780000,26.780000,28.439375,0
238,2026-01-28 12:15,OPTIMAL,FEASIBLE_POINT,0.052415,0.000000,0.000000,0.000000,0.000000,moving_average,4,26.080000,26.080000,27.134687,0
239,2026-01-28 12:30,OPTIMAL,FEASIBLE_POINT,0.048398,0.000000,0.000000,0.000000,0.000000,moving_average,4,27.090000,27.090000,26.785312,0
240,2026-01-28 12:45,OPTIMAL,FEASIBLE_POINT,0.052707,0.000000,0.000000,0.000000,0.000000,moving_average,4,27.390000,27.390000,26.869687,0
241,2026-01-28 13:00,OPTIMAL,FEASIBLE_POINT,0.056238,0.000000,0.000000,0.000000,0.000000,moving_average,4,26.110000,26.110000,26.632656,0
242,2026-01-28 13:15,OPTIMAL,FEASIBLE_POINT,0.052069,0.000000,0.000000,0.000000,0.000000,moving_average,4,25.000000,25.000000,26.310156,0
243,2026-01-28 13:30,OPTIMAL,FEASIBLE_POINT,0.055806,0.000000,0.000000,0.000000,0.000000,moving_average,4,26.180000,26.180000,26.170625,0
244,2026-01-28 13:45,OPTIMAL,FEASIBLE_POINT,0.053958,0.000000,0.000000,0.000000,0.000000,moving_average,4,27.140000,27.140000,26.172031,0
245,2026-01-28 14:00,OPTIMAL,FEASIBLE_POINT,0.051696,0.000000,0.000000,0.000000,0.000000,moving_average,4,25.760000,25.760000,26.003750,0
246,2026-01-28 14:15,OPTIMAL,FEASIBLE_POINT,0.053246,0.000000,0.000000,0.000000,0.000000,moving_average,4,26.780000,26.780000,26.484687,0
247,2026-01-28 14:30,OPTIMAL,FEASIBLE_POINT,0.049732,0.000000,0.000000,0.000000,0.000000,moving_average,4,27.790000,27.790000,26.925156,0
248,2026-01-28 14:45,OPTIMAL,FEASIBLE_POINT,0.046980,0.000000,0.000000,0.000000,0.000000,moving_average,4,27.830000,27.830000,27.089375,0
249,2026-01-28 15:00,OPTIMAL,FEASIBLE_POINT,0.047189,0.000000,0.000000,0.000000,0.000000,moving_average,4,26.310000,26.310000,27.123281,0
250,2026-01-28 15:15,OPTIMAL,FEASIBLE_POINT,0.046962,0.000000,0.000000,0.000000,0.000000,moving_average,4,25.700000,25.700000,26.832031,0
251,2026-01-28 15:30,OPTIMAL,FEASIBLE_POINT,0.049924,0.000000,0.000000,0.000000,0.000000,moving_average,4,26.680000,26.680000,26.633125,0
252,2026-01-28 15:45,OPTIMAL,FEASIBLE_POINT,0.059972,0.000000,0.000000,0.000000,0.000000,moving_average,4,26.250000,26.250000,26.235938,0
253,2026-01-28 16:00,OPTIMAL,FEASIBLE_POINT,0.057892,0.000000,0.000000,0.000000,0.000000,moving_average,4,26.410000,26.410000,26.269375,0
254,2026-01-28 16:15,OPTIMAL,FEASIBLE_POINT,0.051965,0.000000,0.000000,0.000000,0.000000,moving_average,4,25.940000,25.940000,26.296250,0
255,2026-01-28 16:30,OPTIMAL,FEASIBLE_POINT,0.050162,0.000000,0.000000,0.000000,0.000000,moving_average,4,26.710000,26.710000,26.351406,0
256,2026-01-28 16:45,OPTIMAL,FEASIBLE_POINT,0.054641,0.000000,0.000000,0.000000,0.000000,moving_average,4,26.110000,26.110000,26.281094,0
257,2026-01-28 17:00,OPTIMAL,FEASIBLE_POINT,0.066056,0.000000,0.000000,0.000000,0.000000,moving_average,4,25.730000,25.730000,26.097969,0
258,2026-01-28 17:15,OPTIMAL,FEASIBLE_POINT,0.076703,0.000000,0.000000,0.000000,0.000000,moving_average,4,28.960000,28.960000,27.007656,0
259,2026-01-28 17:30,OPTIMAL,FEASIBLE_POINT,0.062525,0.000000,0.000000,0.000000,0.000000,moving_average,4,30.800000,30.800000,28.081250,0
260,2026-01-28 17:45,OPTIMAL,FEASIBLE_POINT,0.085474,0.000000,0.000000,0.000000,0.000000,moving_average,4,27.380000,27.380000,28.165156,0
261,2026-01-28 18:00,OPTIMAL,FEASIBLE_POINT,0.046968,0.000000,0.000000,0.000000,0.000000,moving_average,4,30.210000,30.210000,29.392031,0
262,2026-01-28 18:15,OPTIMAL,FEASIBLE_POINT,0.129032,13.602592,10.746691,0.000000,0.000000,moving_average,4,31.550000,31.550000,30.082813,0
263,2026-01-28 18:30,OPTIMAL,FEASIBLE_POINT,0.477944,12.235487,10.037480,0.000000,0.000000,moving_average,4,30.020000,30.020000,29.804375,0
264,2026-01-28 18:45,OPTIMAL,FEASIBLE_POINT,0.370421,17.241408,12.635507,0.000000,0.000000,moving_average,4,30.270000,30.270000,30.497344,0
265,2026-01-28 19:00,OPTIMAL,FEASIBLE_POINT,0.434372,19.488776,13.798007,0.000000,0.000000,moving_average,4,31.390000,31.390000,30.843906,0
266,2026-01-28 19:15,OPTIMAL,FEASIBLE_POINT,1.490275,17.361145,12.690770,0.000000,0.000000,moving_average,4,30.230000,30.230000,30.462031,0
267,2026-01-28 19:30,OPTIMAL,FEASIBLE_POINT,0.682900,22.609171,15.416428,0.000000,0.000000,moving_average,4,33.110000,33.110000,31.366250,0
268,2026-01-28 19:45,OPTIMAL,FEASIBLE_POINT,0.844661,0.000000,0.000000,0.000000,0.000000,moving_average,4,48.150000,48.150000,36.496875,0
269,2026-01-28 20:00,OPTIMAL,FEASIBLE_POINT,0.338574,0.000000,0.000000,0.000000,0.000000,moving_average,4,47.980000,47.980000,40.374531,0
270,2026-01-28 20:15,OPTIMAL,FEASIBLE_POINT,0.120086,0.000000,0.000000,0.000000,0.000000,moving_average,4,37.400000,37.400000,41.393750,0
271,2026-01-28 20:30,OPTIMAL,FEASIBLE_POINT,0.105171,0.000000,0.000000,0.000000,0.000000,moving_average,4,33.650000,33.650000,41.285937,0
272,2026-01-28 20:45,OPTIMAL,FEASIBLE_POINT,0.074976,0.000000,0.000000,0.000000,0.000000,moving_average,4,34.120000,34.120000,38.027031,0
273,2026-01-28 21:00,OPTIMAL,FEASIBLE_POINT,0.075273,0.000000,0.000000,0.000000,0.000000,moving_average,4,33.400000,33.400000,34.564844,0
274,2026-01-28 21:15,OPTIMAL,FEASIBLE_POINT,0.034475,0.000000,0.000000,0.000000,0.000000,moving_average,4,33.180000,33.180000,33.562031,0
275,2026-01-28 21:30,OPTIMAL,FEASIBLE_POINT,0.044988,0.000000,0.000000,0.000000,0.000000,moving_average,4,33.160000,33.160000,33.445937,0
276,2026-01-28 21:45,OPTIMAL,FEASIBLE_POINT,0.036191,0.000000,0.000000,0.000000,0.000000,moving_average,4,33.970000,33.970000,33.461406,0
277,2026-01-28 22:00,OPTIMAL,FEASIBLE_POINT,0.038598,0.000000,0.000000,0.000000,0.000000,moving_average,4,33.250000,33.250000,33.381250,0
278,2026-01-28 22:15,OPTIMAL,FEASIBLE_POINT,0.034552,0.000000,0.000000,0.000000,0.000000,moving_average,4,32.880000,32.880000,33.287813,0
279,2026-01-28 22:30,OPTIMAL,FEASIBLE_POINT,0.035108,0.000000,0.000000,0.000000,0.000000,moving_average,4,35.190000,35.190000,33.907969,0
280,2026-01-28 22:45,OPTIMAL,FEASIBLE_POINT,0.087692,0.000000,0.000000,0.000000,0.000000,moving_average,4,38.990000,38.990000,35.322031,0
281,2026-01-28 23:00,OPTIMAL,FEASIBLE_POINT,0.082556,0.000000,0.000000,0.000000,0.000000,moving_average,4,35.360000,35.360000,35.589688,0
282,2026-01-28 23:15,OPTIMAL,FEASIBLE_POINT,0.075598,0.000000,0.000000,0.000000,0.000000,moving_average,4,24.900000,24.900000,33.065625,0
283,2026-01-28 23:30,OPTIMAL,FEASIBLE_POINT,0.053154,0.000000,0.000000,0.000000,0.000000,moving_average,4,20.140000,20.140000,29.240781,0
284,2026-01-28 23:45,OPTIMAL,FEASIBLE_POINT,0.060739,0.000000,0.000000,0.000000,0.000000,moving_average,4,31.640000,31.640000,28.236875,0
285,2026-01-29 00:00,OPTIMAL,FEASIBLE_POINT,0.053740,0.000000,0.000000,0.000000,0.000000,moving_average,4,12.820000,12.820000,21.777812,0
286,2026-01-29 00:15,OPTIMAL,FEASIBLE_POINT,0.051071,0.000000,0.000000,0.000000,0.000000,moving_average,4,17.610000,17.610000,20.368594,0
287,2026-01-29 00:30,OPTIMAL,FEASIBLE_POINT,0.049177,0.000000,0.000000,0.000000,0.000000,moving_average,4,13.670000,13.670000,18.605937,0
288,2026-01-29 00:45,OPTIMAL,FEASIBLE_POINT,0.058274,0.000000,0.000000,0.000000,0.000000,moving_average,4,36.890000,36.890000,21.287656,0
289,2026-01-29 01:00,OPTIMAL,FEASIBLE_POINT,0.051192,0.000000,0.000000,0.000000,0.000000,moving_average,4,29.590000,29.590000,24.761875,0
290,2026-01-29 01:15,OPTIMAL,FEASIBLE_POINT,0.048146,0.000000,0.000000,0.000000,0.000000,moving_average,4,43.610000,43.610000,31.731875,0
291,2026-01-29 01:30,OPTIMAL,FEASIBLE_POINT,0.056112,0.000000,0.000000,0.000000,0.000000,moving_average,4,40.790000,40.790000,37.911875,0
292,2026-01-29 01:45,OPTIMAL,FEASIBLE_POINT,0.052313,0.000000,0.000000,0.000000,0.000000,moving_average,4,51.440000,51.440000,41.987656,0
293,2026-01-29 02:00,OPTIMAL,FEASIBLE_POINT,0.060788,0.000000,0.000000,0.000000,0.000000,moving_average,4,53.330000,53.330000,47.669844,0
294,2026-01-29 02:15,OPTIMAL,FEASIBLE_POINT,0.058045,0.000000,0.000000,0.000000,0.000000,moving_average,4,39.890000,39.890000,45.957969,0
295,2026-01-29 02:30,OPTIMAL,FEASIBLE_POINT,0.058659,0.000000,0.000000,0.000000,0.000000,moving_average,4,36.720000,36.720000,44.805938,0
296,2026-01-29 02:45,OPTIMAL,FEASIBLE_POINT,0.072577,0.877099,0.877099,0.000000,0.000000,moving_average,4,46.150000,46.150000,44.155469,0
297,2026-01-29 03:00,OPTIMAL,FEASIBLE_POINT,0.133423,20.842355,16.248809,0.000000,0.000000,moving_average,4,54.400000,54.400000,44.921875,0
298,2026-01-29 03:15,OPTIMAL,FEASIBLE_POINT,0.269303,12.240382,11.858020,0.000000,0.000000,moving_average,4,37.160000,37.160000,43.204531,0
299,2026-01-29 03:30,OPTIMAL,FEASIBLE_POINT,0.328490,5.090914,5.090914,0.000000,0.000000,moving_average,4,32.290000,32.290000,41.861875,0
300,2026-01-29 03:45,OPTIMAL,FEASIBLE_POINT,0.287119,14.616039,12.456704,0.000000,0.000000,moving_average,4,32.670000,32.670000,38.726250,0
301,2026-01-29 04:00,OPTIMAL,FEASIBLE_POINT,0.150562,9.437750,9.132362,0.000000,0.000000,moving_average,4,32.050000,32.050000,33.449219,0
302,2026-01-29 04:15,OPTIMAL,FEASIBLE_POINT,0.115012,16.556829,12.523809,0.000000,0.000000,moving_average,4,32.050000,32.050000,32.251562,0
303,2026-01-29 04:30,OPTIMAL,FEASIBLE_POINT,0.329304,20.069987,14.330388,0.000000,0.000000,moving_average,4,33.810000,33.810000,32.717812,0
304,2026-01-29 04:45,OPTIMAL,FEASIBLE_POINT,0.991136,7.219862,7.219862,0.000000,0.000000,moving_average,4,34.070000,34.070000,33.062188,0
305,2026-01-29 05:00,OPTIMAL,FEASIBLE_POINT,0.997598,8.046836,8.046836,0.000000,0.000000,moving_average,4,33.140000,33.140000,33.259531,0
306,2026-01-29 05:15,OPTIMAL,FEASIBLE_POINT,1.496164,7.422493,7.422493,0.000000,0.000000,moving_average,4,31.720000,31.720000,33.093438,0
307,2026-01-29 05:30,OPTIMAL,FEASIBLE_POINT,1.451055,20.069987,14.330388,0.000000,0.000000,moving_average,4,31.650000,31.650000,32.582812,0
308,2026-01-29 05:45,OPTIMAL,FEASIBLE_POINT,1.697934,18.106171,13.294204,0.000000,0.000000,moving_average,4,32.420000,32.420000,32.244219,0
309,2026-01-29 06:00,OPTIMAL,FEASIBLE_POINT,0.890638,0.000000,0.000000,0.000000,0.000000,moving_average,4,32.860000,32.860000,32.206094,0
310,2026-01-29 06:15,OPTIMAL,FEASIBLE_POINT,1.411226,0.000000,0.000000,0.000000,0.000000,moving_average,4,33.830000,33.830000,32.761250,0
311,2026-01-29 06:30,OPTIMAL,FEASIBLE_POINT,0.196106,0.000000,0.000000,0.000000,0.000000,moving_average,4,51.080000,51.080000,38.393281,0
312,2026-01-29 06:45,OPTIMAL,FEASIBLE_POINT,0.077801,0.000000,0.000000,0.000000,0.000000,moving_average,4,32.550000,32.550000,37.265625,0
313,2026-01-29 07:00,OPTIMAL,FEASIBLE_POINT,0.078472,0.000000,0.000000,0.000000,0.000000,moving_average,4,40.710000,40.710000,39.615469,0
314,2026-01-29 07:15,OPTIMAL,FEASIBLE_POINT,0.089859,0.000000,0.000000,0.000000,0.000000,moving_average,4,32.080000,32.080000,38.665938,0
315,2026-01-29 07:30,OPTIMAL,FEASIBLE_POINT,0.030263,0.000000,0.000000,0.000000,0.000000,moving_average,4,33.050000,33.050000,34.500781,0
316,2026-01-29 07:45,OPTIMAL,FEASIBLE_POINT,0.053465,0.000000,0.000000,0.000000,0.000000,moving_average,4,34.110000,34.110000,34.932656,0
317,2026-01-29 08:00,OPTIMAL,FEASIBLE_POINT,0.044275,0.000000,0.000000,0.000000,0.000000,moving_average,4,43.500000,43.500000,36.173438,0
318,2026-01-29 08:15,OPTIMAL,FEASIBLE_POINT,0.052412,0.000000,0.000000,0.000000,0.000000,moving_average,4,34.550000,34.550000,36.192969,0
319,2026-01-29 08:30,OPTIMAL,FEASIBLE_POINT,0.034711,0.000000,0.000000,0.000000,0.000000,moving_average,4,35.360000,35.360000,36.785000,0
320,2026-01-29 08:45,OPTIMAL,FEASIBLE_POINT,0.041264,0.000000,0.000000,0.000000,0.000000,moving_average,4,40.940000,40.940000,38.734531,0
321,2026-01-29 09:00,OPTIMAL,FEASIBLE_POINT,0.083365,0.000000,0.000000,0.000000,0.000000,moving_average,4,42.350000,42.350000,38.553125,0
322,2026-01-29 09:15,OPTIMAL,FEASIBLE_POINT,0.062457,0.000000,0.000000,0.000000,0.000000,moving_average,4,43.520000,43.520000,40.728594,0
323,2026-01-29 09:30,OPTIMAL,FEASIBLE_POINT,0.052536,0.000000,0.000000,0.000000,0.000000,moving_average,4,44.380000,44.380000,42.896406,0
324,2026-01-29 09:45,OPTIMAL,FEASIBLE_POINT,0.057225,0.000000,0.000000,0.000000,0.000000,moving_average,4,34.590000,34.590000,40.796250,0
325,2026-01-29 10:00,OPTIMAL,FEASIBLE_POINT,0.047301,0.000000,0.000000,0.000000,0.000000,moving_average,4,37.000000,37.000000,39.692969,0
326,2026-01-29 10:15,OPTIMAL,FEASIBLE_POINT,0.060520,0.000000,0.000000,0.000000,0.000000,moving_average,4,35.590000,35.590000,37.746250,0
327,2026-01-29 10:30,OPTIMAL,FEASIBLE_POINT,0.050568,0.000000,0.000000,0.000000,0.000000,moving_average,4,36.650000,36.650000,36.000781,0
328,2026-01-29 10:45,OPTIMAL,FEASIBLE_POINT,0.048963,0.000000,0.000000,0.000000,0.000000,moving_average,4,35.080000,35.080000,36.017500,0
329,2026-01-29 11:00,OPTIMAL,FEASIBLE_POINT,0.054205,0.000000,0.000000,0.000000,0.000000,moving_average,4,32.370000,32.370000,34.762969,0
330,2026-01-29 11:15,OPTIMAL,FEASIBLE_POINT,0.051315,0.000000,0.000000,0.000000,0.000000,moving_average,4,33.690000,33.690000,34.400156,0
331,2026-01-29 11:30,OPTIMAL,FEASIBLE_POINT,0.050351,0.000000,0.000000,0.000000,0.000000,moving_average,4,52.350000,52.350000,39.246094,0
332,2026-01-29 11:45,OPTIMAL,FEASIBLE_POINT,0.058542,0.000000,0.000000,0.000000,0.000000,moving_average,4,32.730000,32.730000,37.469062,0
333,2026-01-29 12:00,OPTIMAL,FEASIBLE_POINT,0.057077,0.000000,0.000000,0.000000,0.000000,moving_average,4,32.730000,32.730000,37.553437,0
334,2026-01-29 12:15,OPTIMAL,FEASIBLE_POINT,0.052131,0.000000,0.000000,0.000000,0.000000,moving_average,4,31.640000,31.640000,37.004844,0
335,2026-01-29 12:30,OPTIMAL,FEASIBLE_POINT,0.050237,0.000000,0.000000,0.000000,0.000000,moving_average,4,32.670000,32.670000,32.456719,0
336,2026-01-29 12:45,OPTIMAL,FEASIBLE_POINT,0.058752,0.000000,0.000000,0.000000,0.000000,moving_average,4,32.420000,32.420000,32.368438,0
337,2026-01-29 13:00,OPTIMAL,FEASIBLE_POINT,0.820453,15.104645,13.499033,0.000000,0.000000,moving_average,4,84.050000,84.050000,47.623438,0
338,2026-01-29 13:15,OPTIMAL,FEASIBLE_POINT,1.343878,9.374033,9.374033,0.000000,0.000000,moving_average,4,56.860000,56.860000,51.835000,0
339,2026-01-29 13:30,OPTIMAL,FEASIBLE_POINT,0.983922,8.729296,8.729296,0.000000,0.000000,moving_average,4,37.710000,37.710000,51.819375,0
340,2026-01-29 13:45,OPTIMAL,FEASIBLE_POINT,2.532764,6.992454,6.992454,0.000000,0.000000,moving_average,4,37.000000,37.000000,52.848437,0
341,2026-01-29 14:00,OPTIMAL,FEASIBLE_POINT,1.343742,4.552980,4.552980,0.000000,0.000000,moving_average,4,38.750000,38.750000,42.340625,0
342,2026-01-29 14:15,OPTIMAL,FEASIBLE_POINT,1.037937,12.925697,11.767454,0.000000,0.000000,moving_average,4,47.800000,47.800000,40.782813,0
343,2026-01-29 14:30,OPTIMAL,FEASIBLE_POINT,0.345231,0.000000,0.000000,0.000000,0.000000,moving_average,4,80.210000,80.210000,52.769375,0
344,2026-01-29 14:45,OPTIMAL,FEASIBLE_POINT,0.361019,0.000000,0.000000,0.000000,0.000000,moving_average,4,25.080000,25.080000,46.530000,0
345,2026-01-29 15:00,OPTIMAL,FEASIBLE_POINT,1.112059,0.000000,0.000000,0.000000,0.000000,moving_average,4,12.830000,12.830000,39.689375,0
346,2026-01-29 15:15,OPTIMAL,FEASIBLE_POINT,0.030632,0.000000,0.000000,0.000000,0.000000,moving_average,4,6.420000,6.420000,29.590312,0
347,2026-01-29 15:30,OPTIMAL,FEASIBLE_POINT,0.028443,0.000000,0.000000,0.000000,0.000000,moving_average,4,5.790000,5.790000,12.108750,0
348,2026-01-29 15:45,OPTIMAL,FEASIBLE_POINT,0.028626,0.000000,0.000000,0.000000,0.000000,moving_average,4,5.880000,5.880000,7.614375,0
349,2026-01-29 16:00,OPTIMAL,FEASIBLE_POINT,0.044314,0.000000,0.000000,0.000000,0.000000,moving_average,4,8.070000,8.070000,6.635625,0
350,2026-01-29 16:15,OPTIMAL,FEASIBLE_POINT,0.041484,0.000000,0.000000,0.000000,0.000000,moving_average,4,11.570000,11.570000,8.061406,0
351,2026-01-29 16:30,OPTIMAL,FEASIBLE_POINT,0.052481,0.000000,0.000000,0.000000,0.000000,moving_average,4,28.670000,28.670000,14.492656,0
352,2026-01-29 16:45,OPTIMAL,FEASIBLE_POINT,0.062383,0.000000,0.000000,0.000000,0.000000,moving_average,4,30.230000,30.230000,20.297187,0
353,2026-01-29 17:00,OPTIMAL,FEASIBLE_POINT,0.082137,0.000000,0.000000,0.000000,0.000000,moving_average,4,29.810000,29.810000,25.366250,0
354,2026-01-29 17:15,OPTIMAL,FEASIBLE_POINT,0.094138,0.000000,0.000000,0.000000,0.000000,moving_average,4,29.560000,29.560000,29.567031,0
355,2026-01-29 17:30,OPTIMAL,FEASIBLE_POINT,0.091662,0.000000,0.000000,0.000000,0.000000,moving_average,4,29.720000,29.720000,29.823125,0
356,2026-01-29 17:45,OPTIMAL,FEASIBLE_POINT,0.076792,0.000000,0.000000,0.000000,0.000000,moving_average,4,28.870000,28.870000,29.451250,0
357,2026-01-29 18:00,OPTIMAL,FEASIBLE_POINT,0.102060,0.000000,0.000000,0.000000,0.000000,moving_average,4,29.780000,29.780000,29.501094,0
358,2026-01-29 18:15,OPTIMAL,FEASIBLE_POINT,0.115566,0.000000,0.000000,0.000000,0.000000,moving_average,4,32.810000,32.810000,30.452188,0
359,2026-01-29 18:30,OPTIMAL,FEASIBLE_POINT,0.115584,0.000000,0.000000,0.000000,0.000000,moving_average,4,33.210000,33.210000,31.295156,0
360,2026-01-29 18:45,OPTIMAL,FEASIBLE_POINT,0.129422,0.000000,0.000000,0.000000,0.000000,moving_average,4,32.400000,32.400000,32.071875,0
361,2026-01-29 19:00,OPTIMAL,FEASIBLE_POINT,0.087524,0.000000,0.000000,0.000000,0.000000,moving_average,4,33.370000,33.370000,32.973906,0
362,2026-01-29 19:15,OPTIMAL,FEASIBLE_POINT,0.056248,0.000000,0.000000,0.000000,0.000000,moving_average,4,32.050000,32.050000,32.713281,0
363,2026-01-29 19:30,OPTIMAL,FEASIBLE_POINT,0.073047,0.000000,0.000000,0.000000,0.000000,moving_average,4,32.250000,32.250000,32.500781,0
364,2026-01-29 19:45,OPTIMAL,FEASIBLE_POINT,0.074061,0.000000,0.000000,0.000000,0.000000,moving_average,4,57.910000,57.910000,40.083437,0
365,2026-01-29 20:00,OPTIMAL,FEASIBLE_POINT,0.074800,0.000000,0.000000,0.000000,0.000000,moving_average,4,32.870000,32.870000,38.401250,0
366,2026-01-29 20:15,OPTIMAL,FEASIBLE_POINT,0.078735,0.000000,0.000000,0.000000,0.000000,moving_average,4,32.910000,32.910000,38.605313,0
367,2026-01-29 20:30,OPTIMAL,FEASIBLE_POINT,0.078340,0.000000,0.000000,0.000000,0.000000,moving_average,4,36.800000,36.800000,39.914844,0
368,2026-01-29 20:45,OPTIMAL,FEASIBLE_POINT,0.141388,14.747757,14.747757,0.000000,0.000000,moving_average,4,140.490000,140.490000,65.750156,0
369,2026-01-29 21:00,OPTIMAL,FEASIBLE_POINT,1.407161,0.000000,0.000000,0.000000,0.000000,moving_average,4,218.510000,218.510000,114.135781,0
370,2026-01-29 21:15,OPTIMAL,FEASIBLE_POINT,0.492005,0.000000,0.000000,0.000000,0.000000,moving_average,4,205.940000,205.940000,153.904062,0
371,2026-01-29 21:30,OPTIMAL,FEASIBLE_POINT,0.846929,0.000000,0.000000,0.000000,0.000000,moving_average,4,206.070000,206.070000,193.584844,0
372,2026-01-29 21:45,OPTIMAL,FEASIBLE_POINT,0.173674,0.000000,0.000000,0.000000,0.000000,moving_average,4,205.380000,205.380000,208.750312,0
373,2026-01-29 22:00,OPTIMAL,FEASIBLE_POINT,0.567416,0.000000,0.000000,0.000000,0.000000,moving_average,4,205.570000,205.570000,205.729375,0
374,2026-01-29 22:15,OPTIMAL,FEASIBLE_POINT,0.357002,0.000000,0.000000,0.000000,0.000000,moving_average,4,203.970000,203.970000,205.167656,0
375,2026-01-29 22:30,OPTIMAL,FEASIBLE_POINT,0.502181,0.000000,0.000000,0.000000,0.000000,moving_average,4,201.920000,201.920000,204.066875,0
376,2026-01-29 22:45,OPTIMAL,FEASIBLE_POINT,0.312918,0.000000,0.000000,0.000000,0.000000,moving_average,4,201.690000,201.690000,203.187656,0
377,2026-01-29 23:00,OPTIMAL,FEASIBLE_POINT,0.294797,0.000000,0.000000,0.000000,0.000000,moving_average,4,202.920000,202.920000,202.643437,0
378,2026-01-29 23:15,OPTIMAL,FEASIBLE_POINT,0.242362,0.000000,0.000000,0.000000,0.000000,moving_average,4,204.050000,204.050000,202.732812,0
379,2026-01-29 23:30,OPTIMAL,FEASIBLE_POINT,0.434260,0.000000,0.000000,0.000000,0.000000,moving_average,4,202.280000,202.280000,202.706563,0
380,2026-01-29 23:45,OPTIMAL,FEASIBLE_POINT,0.721988,0.000000,0.000000,0.000000,0.000000,moving_average,4,200.790000,200.790000,202.402500,0
381,2026-01-30 00:00,OPTIMAL,FEASIBLE_POINT,0.733882,0.000000,0.000000,0.000000,0.000000,moving_average,4,201.510000,201.510000,202.117031,0
382,2026-01-30 00:15,OPTIMAL,FEASIBLE_POINT,0.499043,0.000000,0.000000,0.000000,0.000000,moving_average,4,201.440000,201.440000,201.500938,0
383,2026-01-30 00:30,OPTIMAL,FEASIBLE_POINT,0.488403,0.000000,0.000000,0.000000,0.000000,moving_average,4,203.400000,203.400000,201.885937,0
384,2026-01-30 00:45,OPTIMAL,FEASIBLE_POINT,0.204835,0.000000,0.000000,0.000000,0.000000,moving_average,4,204.590000,204.590000,202.850938,0
385,2026-01-30 01:00,OPTIMAL,FEASIBLE_POINT,0.597906,0.000000,0.000000,0.000000,0.000000,moving_average,4,199.560000,199.560000,202.079531,0
386,2026-01-30 01:15,OPTIMAL,FEASIBLE_POINT,0.826304,0.000000,0.000000,0.000000,0.000000,moving_average,4,81.080000,81.080000,166.465156,0
387,2026-01-30 01:30,OPTIMAL,FEASIBLE_POINT,0.930804,0.000000,0.000000,0.000000,0.000000,moving_average,4,31.570000,31.570000,123.098125,0
388,2026-01-30 01:45,OPTIMAL,FEASIBLE_POINT,0.074161,0.000000,0.000000,0.000000,0.000000,moving_average,4,33.490000,33.490000,83.116562,0
389,2026-01-30 02:00,OPTIMAL,FEASIBLE_POINT,0.060788,0.000000,0.000000,0.000000,0.000000,moving_average,4,93.890000,93.890000,62.125156,0
390,2026-01-30 02:15,OPTIMAL,FEASIBLE_POINT,0.969169,0.000000,0.000000,0.000000,0.000000,moving_average,4,226.070000,226.070000,104.368438,0
391,2026-01-30 02:30,OPTIMAL,FEASIBLE_POINT,0.144243,0.000000,0.000000,0.000000,0.000000,moving_average,4,227.700000,227.700000,150.438281,0
392,2026-01-30 02:45,OPTIMAL,FEASIBLE_POINT,0.520344,0.000000,0.000000,0.000000,0.000000,moving_average,4,226.330000,226.330000,195.549531,0
393,2026-01-30 03:00,OPTIMAL,FEASIBLE_POINT,0.199652,0.000000,0.000000,0.000000,0.000000,moving_average,4,225.670000,225.670000,226.394219,0
394,2026-01-30 03:15,OPTIMAL,FEASIBLE_POINT,1.039816,0.000000,0.000000,0.000000,0.000000,moving_average,4,225.700000,225.700000,226.309375,0
395,2026-01-30 03:30,OPTIMAL,FEASIBLE_POINT,0.297697,0.000000,0.000000,0.000000,0.000000,moving_average,4,224.900000,224.900000,225.603125,0
396,2026-01-30 03:45,OPTIMAL,FEASIBLE_POINT,0.212762,0.000000,0.000000,0.000000,0.000000,moving_average,4,224.590000,224.590000,225.175938,0
397,2026-01-30 04:00,OPTIMAL,FEASIBLE_POINT,0.474150,0.000000,0.000000,0.000000,0.000000,moving_average,4,225.450000,225.450000,225.178125,0
398,2026-01-30 04:15,OPTIMAL,FEASIBLE_POINT,0.678053,0.000000,0.000000,0.000000,0.000000,moving_average,4,178.360000,178.360000,211.139687,0
399,2026-01-30 04:30,OPTIMAL,FEASIBLE_POINT,0.387343,0.000000,0.000000,0.000000,0.000000,moving_average,4,183.490000,183.490000,201.754844,0
400,2026-01-30 04:45,OPTIMAL,FEASIBLE_POINT,0.445962,0.000000,0.000000,0.000000,0.000000,moving_average,4,214.470000,214.470000,201.319219,0
401,2026-01-30 05:00,OPTIMAL,FEASIBLE_POINT,0.520915,0.000000,0.000000,0.000000,0.000000,moving_average,4,220.040000,220.040000,200.399375,0
402,2026-01-30 05:15,OPTIMAL,FEASIBLE_POINT,0.474168,0.000000,0.000000,0.000000,0.000000,moving_average,4,216.640000,216.640000,209.158750,0
403,2026-01-30 05:30,OPTIMAL,FEASIBLE_POINT,0.861259,0.000000,0.000000,0.000000,0.000000,moving_average,4,212.820000,212.820000,215.794219,0
404,2026-01-30 05:45,OPTIMAL,FEASIBLE_POINT,0.360455,0.000000,0.000000,0.000000,0.000000,moving_average,4,211.800000,211.800000,215.104687,0
405,2026-01-30 06:00,OPTIMAL,FEASIBLE_POINT,0.321245,0.000000,0.000000,0.000000,0.000000,moving_average,4,210.060000,210.060000,212.656875,0
406,2026-01-30 06:15,OPTIMAL,FEASIBLE_POINT,0.391853,0.000000,0.000000,0.000000,0.000000,moving_average,4,208.730000,208.730000,210.719844,0
407,2026-01-30 06:30,OPTIMAL,FEASIBLE_POINT,0.518110,0.000000,0.000000,0.000000,0.000000,moving_average,4,212.290000,212.290000,210.818125,0
408,2026-01-30 06:45,OPTIMAL,FEASIBLE_POINT,0.402759,0.000000,0.000000,0.000000,0.000000,moving_average,4,211.510000,211.510000,210.701406,0
409,2026-01-30 07:00,OPTIMAL,FEASIBLE_POINT,0.305609,0.000000,0.000000,0.000000,0.000000,moving_average,4,213.770000,213.770000,211.712187,0
410,2026-01-30 07:15,OPTIMAL,FEASIBLE_POINT,0.295863,0.000000,0.000000,0.000000,0.000000,moving_average,4,212.420000,212.420000,212.492656,0
411,2026-01-30 07:30,OPTIMAL,FEASIBLE_POINT,0.445137,0.000000,0.000000,0.000000,0.000000,moving_average,4,211.520000,211.520000,212.255937,0
412,2026-01-30 07:45,OPTIMAL,FEASIBLE_POINT,0.279726,0.000000,0.000000,0.000000,0.000000,moving_average,4,212.380000,212.380000,212.513594,0
413,2026-01-30 08:00,OPTIMAL,FEASIBLE_POINT,0.189500,0.000000,0.000000,0.000000,0.000000,moving_average,4,213.420000,213.420000,212.496562,0
414,2026-01-30 08:15,OPTIMAL,FEASIBLE_POINT,0.345555,0.000000,0.000000,0.000000,0.000000,moving_average,4,206.980000,206.980000,210.819062,0
415,2026-01-30 08:30,OPTIMAL,FEASIBLE_POINT,0.537425,0.000000,0.000000,0.000000,0.000000,moving_average,4,203.450000,203.450000,208.707031,0
416,2026-01-30 08:45,OPTIMAL,FEASIBLE_POINT,0.224522,0.000000,0.000000,0.000000,0.000000,moving_average,4,219.730000,219.730000,211.447187,0
417,2026-01-30 09:00,OPTIMAL,FEASIBLE_POINT,0.767256,0.000000,0.000000,0.000000,0.000000,moving_average,4,39.340000,39.340000,159.372813,0
418,2026-01-30 09:15,OPTIMAL,FEASIBLE_POINT,0.186503,0.000000,0.000000,0.000000,0.000000,moving_average,4,30.230000,30.230000,117.377656,0
419,2026-01-30 09:30,OPTIMAL,FEASIBLE_POINT,0.341447,0.000000,0.000000,0.000000,0.000000,moving_average,4,47.030000,47.030000,81.766719,0
420,2026-01-30 09:45,OPTIMAL,FEASIBLE_POINT,0.290487,12.934868,11.490789,0.000000,0.000000,moving_average,4,36.110000,36.110000,38.048281,0
421,2026-01-30 10:00,OPTIMAL,FEASIBLE_POINT,0.263402,19.455921,14.548684,0.000000,0.000000,moving_average,4,33.180000,33.180000,36.421406,0
422,2026-01-30 10:15,OPTIMAL,FEASIBLE_POINT,0.290925,17.582895,13.947368,0.000000,0.000000,moving_average,4,40.420000,40.420000,39.262187,0
423,2026-01-30 10:30,OPTIMAL,FEASIBLE_POINT,1.609479,16.064474,13.090789,0.000000,0.000000,moving_average,4,44.070000,44.070000,38.796563,0
424,2026-01-30 10:45,OPTIMAL,FEASIBLE_POINT,1.104250,10.139474,10.139474,0.000000,0.000000,moving_average,4,58.780000,58.780000,45.029219,0
425,2026-01-30 11:00,OPTIMAL,FEASIBLE_POINT,0.579005,0.000000,0.000000,0.000000,0.000000,moving_average,4,38.820000,38.820000,45.103594,0
426,2026-01-30 11:15,OPTIMAL,FEASIBLE_POINT,0.823340,0.000000,0.000000,0.000000,0.000000,moving_average,4,32.600000,32.600000,42.882031,0
427,2026-01-30 11:30,OPTIMAL,FEASIBLE_POINT,0.968228,0.000000,0.000000,0.000000,0.000000,moving_average,4,35.160000,35.160000,40.953750,0
428,2026-01-30 11:45,OPTIMAL,FEASIBLE_POINT,0.627448,0.000000,0.000000,0.000000,0.000000,moving_average,4,41.440000,41.440000,37.282187,0
429,2026-01-30 12:00,OPTIMAL,FEASIBLE_POINT,0.585755,0.000000,0.000000,0.000000,0.000000,moving_average,4,34.480000,34.480000,35.830000,0
430,2026-01-30 12:15,OPTIMAL,FEASIBLE_POINT,0.097319,0.000000,0.000000,0.000000,0.000000,moving_average,4,58.560000,58.560000,43.419375,0
431,2026-01-30 12:30,OPTIMAL,FEASIBLE_POINT,0.087285,0.000000,0.000000,0.000000,0.000000,moving_average,4,42.180000,42.180000,44.040937,0
432,2026-01-30 12:45,OPTIMAL,FEASIBLE_POINT,0.068948,0.000000,0.000000,0.000000,0.000000,moving_average,4,37.220000,37.220000,42.741875,0
433,2026-01-30 13:00,OPTIMAL,FEASIBLE_POINT,0.056402,0.000000,0.000000,0.000000,0.000000,moving_average,4,35.400000,35.400000,42.843750,0
434,2026-01-30 13:15,OPTIMAL,FEASIBLE_POINT,0.037820,0.000000,0.000000,0.000000,0.000000,moving_average,4,34.220000,34.220000,37.065312,0
435,2026-01-30 13:30,OPTIMAL,FEASIBLE_POINT,0.054753,0.000000,0.000000,0.000000,0.000000,moving_average,4,33.140000,33.140000,34.879063,0
436,2026-01-30 13:45,OPTIMAL,FEASIBLE_POINT,0.048248,0.000000,0.000000,0.000000,0.000000,moving_average,4,40.500000,40.500000,36.107812,0
437,2026-01-30 14:00,OPTIMAL,FEASIBLE_POINT,0.028493,0.000000,0.000000,0.000000,0.000000,moving_average,4,34.410000,34.410000,35.495156,0
438,2026-01-30 14:15,OPTIMAL,FEASIBLE_POINT,0.051896,0.000000,0.000000,0.000000,0.000000,moving_average,4,56.890000,56.890000,42.213438,0
439,2026-01-30 14:30,OPTIMAL,FEASIBLE_POINT,0.071233,0.000000,0.000000,0.000000,0.000000,moving_average,4,43.270000,43.270000,43.736406,0
440,2026-01-30 14:45,OPTIMAL,FEASIBLE_POINT,0.070849,0.000000,0.000000,0.000000,0.000000,moving_average,4,33.770000,33.770000,41.565313,0
441,2026-01-30 15:00,OPTIMAL,FEASIBLE_POINT,0.051375,0.000000,0.000000,0.000000,0.000000,moving_average,4,34.530000,34.530000,41.640938,0
442,2026-01-30 15:15,OPTIMAL,FEASIBLE_POINT,0.040209,0.000000,0.000000,0.000000,0.000000,moving_average,4,37.360000,37.360000,37.240469,0
443,2026-01-30 15:30,OPTIMAL,FEASIBLE_POINT,0.042197,0.000000,0.000000,0.000000,0.000000,moving_average,4,39.080000,39.080000,36.365938,0
444,2026-01-30 15:45,OPTIMAL,FEASIBLE_POINT,0.041202,0.000000,0.000000,0.000000,0.000000,moving_average,4,52.710000,52.710000,41.656875,0
445,2026-01-30 16:00,OPTIMAL,FEASIBLE_POINT,0.049840,0.000000,0.000000,0.000000,0.000000,moving_average,4,49.660000,49.660000,45.012344,0
446,2026-01-30 16:15,OPTIMAL,FEASIBLE_POINT,0.045316,0.000000,0.000000,0.000000,0.000000,moving_average,4,33.080000,33.080000,42.972969,0
447,2026-01-30 16:30,OPTIMAL,FEASIBLE_POINT,0.045633,0.000000,0.000000,0.000000,0.000000,moving_average,4,31.470000,31.470000,41.088750,0
448,2026-01-30 16:45,OPTIMAL,FEASIBLE_POINT,0.054500,0.000000,0.000000,0.000000,0.000000,moving_average,4,33.060000,33.060000,36.582656,0
449,2026-01-30 17:00,OPTIMAL,FEASIBLE_POINT,0.051084,0.000000,0.000000,0.000000,0.000000,moving_average,4,34.690000,34.690000,33.175937,0
450,2026-01-30 17:15,OPTIMAL,FEASIBLE_POINT,0.055049,0.000000,0.000000,0.000000,0.000000,moving_average,4,37.710000,37.710000,34.449844,0
451,2026-01-30 17:30,OPTIMAL,FEASIBLE_POINT,0.060575,0.000000,0.000000,0.000000,0.000000,moving_average,4,43.480000,43.480000,37.625313,0
452,2026-01-30 17:45,OPTIMAL,FEASIBLE_POINT,0.075148,0.000000,0.000000,0.000000,0.000000,moving_average,4,42.510000,42.510000,39.779531,0
453,2026-01-30 18:00,OPTIMAL,FEASIBLE_POINT,0.335564,14.052039,13.248717,0.000000,0.000000,moving_average,4,65.470000,65.470000,48.428594,0
454,2026-01-30 18:15,OPTIMAL,FEASIBLE_POINT,0.424691,12.105954,12.105954,0.000000,0.000000,moving_average,4,39.020000,39.020000,47.082500,0
455,2026-01-30 18:30,OPTIMAL,FEASIBLE_POINT,1.312101,12.328980,12.328980,0.000000,0.000000,moving_average,4,44.810000,44.810000,47.756094,0
456,2026-01-30 18:45,OPTIMAL,FEASIBLE_POINT,1.003660,7.516480,7.516480,0.000000,0.000000,moving_average,4,38.840000,38.840000,46.522813,0
457,2026-01-30 19:00,OPTIMAL,FEASIBLE_POINT,0.467629,9.678980,9.678980,0.000000,0.000000,moving_average,4,37.660000,37.660000,39.931094,0
458,2026-01-30 19:15,OPTIMAL,FEASIBLE_POINT,1.302969,6.765164,6.765164,0.000000,0.000000,moving_average,4,36.160000,36.160000,39.167031,0
459,2026-01-30 19:30,OPTIMAL,FEASIBLE_POINT,0.853317,12.729013,11.678322,0.000000,0.000000,moving_average,4,48.880000,48.880000,40.915937,0
460,2026-01-30 19:45,OPTIMAL,FEASIBLE_POINT,1.357950,8.524375,8.524375,0.000000,0.000000,moving_average,4,35.360000,35.360000,39.255312,0
461,2026-01-30 20:00,OPTIMAL,FEASIBLE_POINT,1.234085,12.958618,11.384901,0.000000,0.000000,moving_average,4,28.730000,28.730000,36.747969,0
462,2026-01-30 20:15,OPTIMAL,FEASIBLE_POINT,1.719591,0.000000,0.000000,0.000000,0.000000,moving_average,4,28.550000,28.550000,34.953125,0
463,2026-01-30 20:30,OPTIMAL,FEASIBLE_POINT,0.028386,0.000000,0.000000,0.000000,0.000000,moving_average,4,51.810000,51.810000,37.093594,0
464,2026-01-30 20:45,OPTIMAL,FEASIBLE_POINT,0.027200,0.000000,0.000000,0.000000,0.000000,moving_average,4,38.810000,38.810000,37.089688,0
465,2026-01-30 21:00,OPTIMAL,FEASIBLE_POINT,0.022970,0.000000,0.000000,0.000000,0.000000,moving_average,4,34.790000,34.790000,38.258750,0
466,2026-01-30 21:15,OPTIMAL,FEASIBLE_POINT,0.040138,0.000000,0.000000,0.000000,0.000000,moving_average,4,21.280000,21.280000,35.710469,0
467,2026-01-30 21:30,OPTIMAL,FEASIBLE_POINT,0.041794,0.000000,0.000000,0.000000,0.000000,moving_average,4,40.610000,40.610000,34.293594,0
468,2026-01-30 21:45,OPTIMAL,FEASIBLE_POINT,0.067474,0.000000,0.000000,0.000000,0.000000,moving_average,4,57.310000,57.310000,39.673281,0
469,2026-01-30 22:00,OPTIMAL,FEASIBLE_POINT,0.077104,0.000000,0.000000,0.000000,0.000000,moving_average,4,46.810000,46.810000,41.834219,0
470,2026-01-30 22:15,OPTIMAL,FEASIBLE_POINT,0.052218,0.000000,0.000000,0.000000,0.000000,moving_average,4,39.610000,39.610000,45.680313,0
471,2026-01-30 22:30,OPTIMAL,FEASIBLE_POINT,0.060656,0.000000,0.000000,0.000000,0.000000,moving_average,4,45.350000,45.350000,47.150000,0
472,2026-01-30 22:45,OPTIMAL,FEASIBLE_POINT,0.064649,0.000000,0.000000,0.000000,0.000000,moving_average,4,35.490000,35.490000,41.419688,0
473,2026-01-30 23:00,OPTIMAL,FEASIBLE_POINT,0.047333,0.000000,0.000000,0.000000,0.000000,moving_average,4,34.150000,34.150000,38.368750,0
474,2026-01-30 23:15,OPTIMAL,FEASIBLE_POINT,0.050220,0.000000,0.000000,0.000000,0.000000,moving_average,4,33.710000,33.710000,36.958438,0
475,2026-01-30 23:30,OPTIMAL,FEASIBLE_POINT,0.065434,0.000000,0.000000,0.000000,0.000000,moving_average,4,34.930000,34.930000,34.592500,0
476,2026-01-30 23:45,OPTIMAL,FEASIBLE_POINT,0.043855,0.000000,0.000000,0.000000,0.000000,moving_average,4,45.860000,45.860000,37.706094,0
477,2026-01-31 00:00,OPTIMAL,FEASIBLE_POINT,0.042705,0.000000,0.000000,0.000000,0.000000,moving_average,4,40.730000,40.730000,38.927656,0
478,2026-01-31 00:15,OPTIMAL,FEASIBLE_POINT,0.046471,0.000000,0.000000,0.000000,0.000000,moving_average,4,81.810000,81.810000,52.768594,0
479,2026-01-31 00:30,OPTIMAL,FEASIBLE_POINT,0.512346,14.958039,14.958039,0.000000,0.000000,moving_average,4,95.170000,95.170000,67.722344,0
480,2026-01-31 00:45,OPTIMAL,FEASIBLE_POINT,0.578710,0.000000,0.000000,0.000000,0.000000,moving_average,4,52.460000,52.460000,66.599844,0
481,2026-01-31 01:00,OPTIMAL,FEASIBLE_POINT,0.634694,5.806724,5.806724,0.000000,0.000000,moving_average,4,54.480000,54.480000,69.948750,0
482,2026-01-31 01:15,OPTIMAL,FEASIBLE_POINT,0.484330,11.277776,11.277776,0.000000,0.000000,moving_average,4,48.810000,48.810000,61.860000,0
483,2026-01-31 01:30,OPTIMAL,FEASIBLE_POINT,0.784345,10.900803,10.900803,0.000000,0.000000,moving_average,4,57.680000,57.680000,53.627656,0
484,2026-01-31 01:45,OPTIMAL,FEASIBLE_POINT,0.369420,5.167250,5.167250,0.000000,0.000000,moving_average,4,34.990000,34.990000,48.115000,0
485,2026-01-31 02:00,OPTIMAL,FEASIBLE_POINT,0.418303,8.119882,8.119882,0.000000,0.000000,moving_average,4,33.980000,33.980000,43.247188,0
486,2026-01-31 02:15,OPTIMAL,FEASIBLE_POINT,0.152148,16.277921,13.408039,0.000000,0.000000,moving_average,4,33.530000,33.530000,39.637813,0
487,2026-01-31 02:30,OPTIMAL,FEASIBLE_POINT,0.051501,0.000000,0.000000,0.000000,0.000000,moving_average,4,32.460000,32.460000,33.660000,0
488,2026-01-31 02:45,OPTIMAL,FEASIBLE_POINT,0.068728,5.519882,5.519882,0.000000,0.000000,moving_average,4,34.390000,34.390000,33.640000,0
489,2026-01-31 03:00,OPTIMAL,FEASIBLE_POINT,0.187061,20.376605,14.611987,0.000000,0.000000,moving_average,4,34.100000,34.100000,33.650000,0
490,2026-01-31 03:15,OPTIMAL,FEASIBLE_POINT,0.237898,20.513447,14.683039,0.000000,0.000000,moving_average,4,33.610000,33.610000,33.638125,0
491,2026-01-31 03:30,OPTIMAL,FEASIBLE_POINT,0.430710,20.044368,14.450803,0.000000,0.000000,moving_average,4,32.530000,32.530000,33.587031,0
492,2026-01-31 03:45,OPTIMAL,FEASIBLE_POINT,0.385214,17.615421,13.190934,0.000000,0.000000,moving_average,4,33.010000,33.010000,33.293594,0
493,2026-01-31 04:00,OPTIMAL,FEASIBLE_POINT,0.503143,14.576605,11.611987,0.000000,0.000000,moving_average,4,32.290000,32.290000,32.824375,0
494,2026-01-31 04:15,OPTIMAL,FEASIBLE_POINT,1.572078,14.314105,11.468566,0.000000,0.000000,moving_average,4,33.240000,33.240000,32.797031,0
495,2026-01-31 04:30,OPTIMAL,FEASIBLE_POINT,1.009935,17.873316,13.321855,0.000000,0.000000,moving_average,4,34.770000,34.770000,33.417656,0
496,2026-01-31 04:45,OPTIMAL,FEASIBLE_POINT,1.131220,0.000000,0.000000,0.000000,0.000000,moving_average,4,34.840000,34.840000,33.850938,0
497,2026-01-31 05:00,OPTIMAL,FEASIBLE_POINT,0.023118,0.000000,0.000000,0.000000,0.000000,moving_average,4,34.030000,34.030000,34.208125,0
498,2026-01-31 05:15,OPTIMAL,FEASIBLE_POINT,0.053490,0.000000,0.000000,0.000000,0.000000,moving_average,4,31.750000,31.750000,33.716406,0
499,2026-01-31 05:30,OPTIMAL,FEASIBLE_POINT,0.043679,0.000000,0.000000,0.000000,0.000000,moving_average,4,34.800000,34.800000,33.914063,0
500,2026-01-31 05:45,OPTIMAL,FEASIBLE_POINT,0.051291,0.000000,0.000000,0.000000,0.000000,moving_average,4,34.000000,34.000000,33.667187,0
501,2026-01-31 06:00,OPTIMAL,FEASIBLE_POINT,0.051738,0.000000,0.000000,0.000000,0.000000,moving_average,4,37.110000,37.110000,34.583438,0
502,2026-01-31 06:15,OPTIMAL,FEASIBLE_POINT,0.056694,0.000000,0.000000,0.000000,0.000000,moving_average,4,36.570000,36.570000,35.679375,0
503,2026-01-31 06:30,OPTIMAL,FEASIBLE_POINT,0.083174,0.000000,0.000000,0.000000,0.000000,moving_average,4,35.720000,35.720000,35.841875,0
504,2026-01-31 06:45,OPTIMAL,FEASIBLE_POINT,0.058950,0.000000,0.000000,0.000000,0.000000,moving_average,4,72.580000,72.580000,47.187812,0
505,2026-01-31 07:00,OPTIMAL,FEASIBLE_POINT,0.063102,0.000000,0.000000,0.000000,0.000000,moving_average,4,83.500000,83.500000,58.742969,0
506,2026-01-31 07:15,OPTIMAL,FEASIBLE_POINT,0.054500,0.000000,0.000000,0.000000,0.000000,moving_average,4,54.080000,54.080000,61.008125,0
507,2026-01-31 07:30,OPTIMAL,FEASIBLE_POINT,0.048478,0.000000,0.000000,0.000000,0.000000,moving_average,4,45.350000,45.350000,62.719531,0
508,2026-01-31 07:45,OPTIMAL,FEASIBLE_POINT,0.072326,0.000000,0.000000,0.000000,0.000000,moving_average,4,35.540000,35.540000,53.425156,0
509,2026-01-31 08:00,OPTIMAL,FEASIBLE_POINT,0.047565,0.000000,0.000000,0.000000,0.000000,moving_average,4,39.000000,39.000000,43.211719,0
510,2026-01-31 08:15,OPTIMAL,FEASIBLE_POINT,0.057091,0.000000,0.000000,0.000000,0.000000,moving_average,4,37.400000,37.400000,39.202344,0
511,2026-01-31 08:30,OPTIMAL,FEASIBLE_POINT,0.049728,0.000000,0.000000,0.000000,0.000000,moving_average,4,33.270000,33.270000,36.112969,0
512,2026-01-31 08:45,OPTIMAL,FEASIBLE_POINT,0.046990,0.000000,0.000000,0.000000,0.000000,moving_average,4,39.990000,39.990000,37.575938,0
513,2026-01-31 09:00,OPTIMAL,FEASIBLE_POINT,0.050263,0.000000,0.000000,0.000000,0.000000,moving_average,4,35.590000,35.590000,36.501719,0
514,2026-01-31 09:15,OPTIMAL,FEASIBLE_POINT,0.048365,0.000000,0.000000,0.000000,0.000000,moving_average,4,56.830000,56.830000,42.383125,0
515,2026-01-31 09:30,OPTIMAL,FEASIBLE_POINT,0.052360,0.000000,0.000000,0.000000,0.000000,moving_average,4,55.280000,55.280000,47.444844,0
516,2026-01-31 09:45,OPTIMAL,FEASIBLE_POINT,0.052025,0.000000,0.000000,0.000000,0.000000,moving_average,4,38.050000,38.050000,45.913281,0
517,2026-01-31 10:00,OPTIMAL,FEASIBLE_POINT,0.343492,5.512000,5.512000,0.000000,0.000000,moving_average,4,56.190000,56.190000,51.875156,0
518,2026-01-31 10:15,OPTIMAL,FEASIBLE_POINT,0.316614,8.300816,8.300816,0.000000,0.000000,moving_average,4,58.090000,58.090000,52.289219,0
519,2026-01-31 10:30,OPTIMAL,FEASIBLE_POINT,0.527337,5.202132,5.202132,0.000000,0.000000,moving_average,4,65.080000,65.080000,55.022969,0
520,2026-01-31 10:45,OPTIMAL,FEASIBLE_POINT,0.533857,2.717263,2.717263,0.000000,0.000000,moving_average,4,40.010000,40.010000,53.915469,0
521,2026-01-31 11:00,OPTIMAL,FEASIBLE_POINT,0.960145,6.752132,6.752132,0.000000,0.000000,moving_average,4,30.670000,30.670000,47.350469,0
522,2026-01-31 11:15,OPTIMAL,FEASIBLE_POINT,0.388945,7.192921,7.192921,0.000000,0.000000,moving_average,4,22.010000,22.010000,38.352969,0
523,2026-01-31 11:30,OPTIMAL,FEASIBLE_POINT,0.074947,0.000000,0.000000,0.000000,0.000000,moving_average,4,15.960000,15.960000,26.462344,0
524,2026-01-31 11:45,OPTIMAL,FEASIBLE_POINT,0.064689,0.000000,0.000000,0.000000,0.000000,moving_average,4,6.430000,6.430000,17.996406,0
525,2026-01-31 12:00,OPTIMAL,FEASIBLE_POINT,0.061912,0.000000,0.000000,0.000000,0.000000,moving_average,4,6.650000,6.650000,12.380469,0
526,2026-01-31 12:15,OPTIMAL,FEASIBLE_POINT,0.047253,0.000000,0.000000,0.000000,0.000000,moving_average,4,9.600000,9.600000,9.656250,0
527,2026-01-31 12:30,OPTIMAL,FEASIBLE_POINT,0.062584,0.000000,0.000000,0.000000,0.000000,moving_average,4,8.620000,8.620000,7.874688,0
528,2026-01-31 12:45,OPTIMAL,FEASIBLE_POINT,0.051725,0.000000,0.000000,0.000000,0.000000,moving_average,4,12.360000,12.360000,9.498281,0
529,2026-01-31 13:00,OPTIMAL,FEASIBLE_POINT,0.050785,0.000000,0.000000,0.000000,0.000000,moving_average,4,34.540000,34.540000,17.421250,0
530,2026-01-31 13:15,OPTIMAL,FEASIBLE_POINT,0.053651,0.000000,0.000000,0.000000,0.000000,moving_average,4,28.810000,28.810000,21.565469,0
531,2026-01-31 13:30,OPTIMAL,FEASIBLE_POINT,0.314639,24.730737,15.107395,0.000000,0.000000,moving_average,4,28.620000,28.620000,26.241094,0
532,2026-01-31 13:45,OPTIMAL,FEASIBLE_POINT,1.293712,18.735184,13.284368,0.000000,0.000000,moving_average,4,27.100000,27.100000,29.600781,0
533,2026-01-31 14:00,OPTIMAL,FEASIBLE_POINT,0.291742,22.571526,14.889632,0.000000,0.000000,moving_average,4,27.430000,27.430000,27.955000,0
534,2026-01-31 14:15,OPTIMAL,FEASIBLE_POINT,1.115301,20.765447,14.029763,0.000000,0.000000,moving_average,4,27.720000,27.720000,27.717656,0
